t-SNE-1,t-SNE-2
10.846841,-16.71258
24.794334,-16.775398
2.953309,13.379048
27.262146,-31.88669
-23.015728,64.468376
36.790676,-18.019236
81.03583,-7.6142125
-30.387047,63.77186
-15.39652,-2.9790528
-46.21859,11.978482
-60.82239,-40.374413
79.09517,-8.604884
-37.153156,-18.858006
-73.48587,1.9712921
75.5153,-26.25351
-11.774027,2.696394
-22.526203,-15.650103
1.014268,52.409912
19.667788,21.32458
-80.85691,0.29213288
19.852867,30.855186
-7.471318,18.757692
-68.338066,-6.346191
29.552477,33.758324
5.1655316,18.799715
19.996674,-10.614891
33.987926,-8.628308
31.409191,29.927109
29.026451,-12.218949
-72.20213,0.21854489
-40.372894,-14.531695
31.51973,47.964268
7.129553,14.311046
16.110907,-32.52121
35.147453,-65.073654
-6.7435513,-52.916557
-44.625835,27.017687
10.849508,16.639433
27.61716,43.83443
35.495655,-63.920246
-4.134805,-49.971294
-36.592247,54.854004
3.6634693,-1.6532351
30.257286,-21.392036
3.487294,11.879071
10.48272,16.913815
-6.6594977,16.003056
69.03472,-14.420045
41.626987,-12.963191
22.040215,-8.346808
-51.02639,54.357243
-7.0874696,42.152634
34.895374,50.366756
1.2222531,52.61128
43.24275,-22.481049
40.931152,-61.989235
3.644356,39.892746
-18.0871,-65.91649
28.232721,47.72172
-43.25959,13.233326
-17.63084,-7.7109485
-52.276855,29.086454
31.168036,61.940422
-48.310013,30.104786
35.03216,62.717827
13.686868,-12.970217
15.655424,-13.237315
-57.610035,-28.54787
-70.48103,-3.2993488
-44.03357,-19.707146
-46.201527,44.507877
-47.488037,-28.866028
75.30372,-13.836317
20.712078,-29.26158
-18.476673,-11.106185
-3.9913292,-49.918015
39.133297,-60.47322
-12.852584,-55.930107
71.904945,-23.491669
-51.85329,-18.657509
-9.4866,36.31664
-18.300966,-11.769968
32.827984,31.333086
20.165424,28.538645
-68.619095,-6.2097325
-49.895435,28.506609
50.890842,-0.6128289
-49.664944,38.373245
78.48597,-10.861399
19.707941,-15.34278
1.5788796,50.06784
19.313667,23.230486
-14.324315,-5.6669526
42.063004,-59.55161
25.029774,28.305006
79.819695,-20.832375
-4.721291,40.61823
53.82697,13.602332
-42.918182,46.01143
-11.177065,-63.622555
-29.508553,63.665142
-11.778344,-53.345177
59.125275,11.550422
36.287918,64.19685
-43.215496,39.84272
35.61969,44.19195
22.003407,28.389448
4.8078227,49.988094
-38.125122,43.94609
-41.52114,43.680866
-51.765266,53.67156
15.922382,-2.4066906
-36.522537,-22.723614
27.797949,-24.682354
-47.2579,41.039215
-42.855698,11.142737
-43.245136,52.813282
39.157536,-20.445623
35.368618,38.709206
39.78424,34.796406
-82.51934,0.1352287
-35.679462,-18.718987
-30.955637,69.62708
34.208817,56.44918
78.19517,-7.711613
-48.524452,-25.218473
-44.571026,-21.833511
73.76645,-7.007854
77.034096,-23.084263
-5.039731,47.40716
-39.264393,13.440325
-49.939537,28.841898
-61.319134,-28.631905
-12.374996,38.7465
-6.7653337,10.661109
26.804726,40.407524
-29.365187,-14.83063
-9.442968,-51.600822
-46.89697,41.210373
-51.12774,13.986045
2.9911513,39.951115
18.152658,-33.403904
21.615953,-29.930542
-52.789944,35.107967
-5.623202,13.447238
-31.073917,68.658646
-57.217182,-30.660437
-59.009224,-37.805878
35.658707,-18.984814
22.740707,-10.029854
18.837746,-13.598724
4.2500496,49.006916
-48.644264,-20.562544
-23.643631,66.75803
47.89667,-9.649263
37.186386,-14.950068
-57.182323,-33.486824
24.948124,-68.978546
-62.604088,-33.39968
-34.794895,27.568491
56.44601,8.18764
-4.6934166,-55.09281
35.771885,-59.34805
38.093372,67.050865
-62.46413,-30.801271
-49.865753,47.99232
71.7411,-27.688135
-8.32015,-3.0814066
-47.73285,42.718815
28.575329,-17.745739
-75.55882,-0.15278926
70.9974,-3.7100906
-22.098673,-64.23944
-66.21451,-36.29975
61.31225,0.6046794
12.255582,23.860418
33.010666,-2.1130948
-41.976437,42.10078
-74.57589,-6.7229424
2.4802592,38.792007
-12.121221,-64.90476
-72.133705,-5.8774295
32.263515,46.46124
-48.327007,27.648777
27.237997,-10.750049
-50.097443,11.582539
-17.789026,-60.02613
25.94202,-28.12567
-10.895524,-4.5354667
-34.94374,52.11959
-4.263046,33.965405
-7.2379174,44.857685
-45.075947,-23.655787
26.799936,-17.549747
38.060944,-15.363839
28.094578,-7.5966644
-43.974854,6.9308133
-4.541863,47.992523
-8.049337,51.38982
-81.91583,-0.6410568
-17.110384,-68.9514
-28.999147,68.77279
73.728065,-24.570145
-58.076706,-30.996866
31.652,60.76132
-49.02649,48.261044
-46.498047,40.864048
69.65713,-9.139908
32.550976,39.217594
38.2365,66.57685
-11.2447195,-62.175655
37.156006,-53.52501
-12.31556,-61.785103
-9.134417,-64.28435
25.405386,-35.870693
24.96042,-65.271065
-38.293003,13.194306
35.161922,-60.643322
-1.2832646,9.119178
-27.723606,-14.081859
24.12477,-31.306313
20.39462,23.869627
-9.149552,-56.392296
36.5119,-14.433484
27.341442,28.101606
-31.706951,60.254536
-11.268036,1.9883764
9.674047,-11.210463
36.249138,31.20891
-58.24237,-24.82182
-32.705605,-19.930943
-46.12221,-21.871225
-7.3301096,48.903187
-7.550545,18.553358
-61.767998,-34.67337
4.431128,40.426003
-16.632715,-11.833584
-32.29497,22.4608
-33.70561,17.381725
-52.157764,34.247467
-74.78359,-5.393931
4.4950633,49.803974
-49.3217,10.374443
17.894867,-32.96781
-40.798145,-23.176046
-47.89438,-32.60635
-50.491573,26.303751
74.71005,-24.383677
-40.04115,-24.132893
17.316744,-11.61111
-28.088388,-14.662196
-35.788097,64.49264
-45.8587,46.41297
-11.0319195,-4.7565794
30.541061,44.903133
-43.023567,-23.308344
-16.897127,-13.431235
77.61423,-2.9562213
14.027729,-17.38552
46.1682,-14.876471
-2.478295,37.816914
-44.100468,13.688973
46.428986,-11.521203
39.921486,-4.039048
5.4895186,16.246054
-26.514336,63.295376
-39.87595,17.341475
77.42992,-22.266878
-33.362923,-25.163145
83.14766,-6.0836596
-7.9591265,9.867298
34.35092,35.1304
-54.48099,44.25116
30.92214,-25.27795
82.70067,-1.9544935
35.929287,-15.784667
-51.717335,-22.915625
15.883934,18.74026
27.580051,-17.061161
-49.584972,53.35847
-6.694812,8.968565
-54.48348,-27.99455
-49.109936,50.116394
-65.60878,-35.973896
19.434649,24.641668
-11.5344,-58.24204
34.555843,-61.795757
35.237534,45.65776
34.18061,60.821156
-83.77276,-0.9089618
35.164448,-17.58364
37.629078,62.41007
26.7729,-63.43431
-16.186872,-63.537823
-6.4445915,33.525898
-52.826088,35.17669
5.9765754,18.024117
-7.6647563,53.618565
-43.412453,11.119614
5.7814813,13.3082
-17.782055,-10.240909
-51.214474,52.987705
-19.009808,-64.724464
3.5400896,51.328915
-42.648365,14.076382
1.6397976,49.63966
-52.500935,27.47906
21.297039,-15.868209
-83.30447,-0.6578313
40.937122,-9.536259
33.46338,34.487022
37.844517,45.501778
39.70263,-53.720844
-20.527802,-7.9689713
21.448034,-72.83827
-25.429743,65.2469
-4.4198804,30.988258
33.818115,53.771164
-5.6738625,-60.456528
-45.58357,-32.161346
39.232353,59.02387
24.792141,-26.155884
84.96902,-3.2720242
75.85652,-2.6147025
32.893322,-8.685457
42.523373,-63.073822
-50.41842,27.459862
-79.34283,-0.023227876
33.427135,54.538036
-9.543158,-66.37882
-39.737873,45.813404
51.116276,-2.8405135
35.176643,-12.735223
37.474102,49.945396
21.025389,-7.8726153
-8.650682,-0.71416295
-6.0421414,3.5561893
-59.371284,-28.371544
-78.327705,0.7007067
29.540323,33.334362
-25.59375,62.90261
29.050829,56.684635
-9.315862,-65.35207
2.6234202,13.047924
21.477009,-72.46734
40.41407,-55.597073
76.267685,-22.464487
25.989964,-1.1577504
35.635845,63.29156
-6.3079615,11.137403
-18.156864,-65.2083
-48.632805,-26.608528
-23.862125,-63.429306
78.12425,-14.357954
35.093838,31.169811
-28.51586,-18.936491
73.71617,-19.80784
-36.116833,52.59516
-39.622097,-13.825796
39.873516,-9.146002
-38.91503,-13.55542
-63.516758,-37.847485
-75.09586,-1.7349705
-19.43233,-66.12887
-49.94742,-28.877293
-4.728124,-50.594173
-57.514,-31.911753
28.690008,-30.74617
-9.343724,-5.7884808
-63.979404,-36.658657
-19.77874,-6.6834674
-4.6908545,-59.408947
72.0224,-10.102162
-17.438818,-2.9377644
15.910589,-15.658544
-41.24736,-26.915638
-47.697506,47.162846
-18.893814,-52.178978
12.381191,-7.088088
-14.481296,-67.76856
50.95137,-1.016049
-3.4342544,-49.566628
-19.27127,-11.404989
-37.834267,-24.234638
-43.06643,47.8495
-72.808495,-0.81841713
-46.804462,51.7379
-1.7901045,40.082073
67.930725,-13.449638
-8.082145,2.0730963
-50.004745,33.46523
22.60807,33.29229
44.245796,-17.679985
40.1386,-27.064943
-4.0124345,-58.465336
16.215647,-11.087286
27.9226,-12.834865
-11.8987875,-4.6686163
-34.46033,65.279
-53.036865,-27.481556
31.145628,57.36335
-34.52561,21.700115
50.7743,-11.1161785
19.442598,-29.02326
-44.911102,23.821062
51.086628,9.214099
-13.73593,-63.997
86.22867,-4.809707
-8.765691,10.891018
-7.565604,15.250495
-51.108505,-23.911118
-4.865656,44.916824
-16.88509,-60.048405
-7.5883365,53.51394
25.137674,-61.805435
-70.861755,-6.040532
73.75245,-20.570028
28.49871,-15.423592
-58.35098,-26.78334
35.729977,51.630333
25.057198,-24.226542
71.91839,-25.8123
31.60457,63.863102
35.882412,-17.381779
34.326912,34.20452
10.563263,-21.035252
33.579674,-64.74888
-3.7633393,-47.739296
51.387657,-3.9476717
-3.4710536,35.839397
-48.31283,21.670786
33.14297,62.914513
32.512035,-22.603329
25.805542,-65.12611
28.229004,53.77523
74.926315,-19.461157
-44.464706,27.652113
-12.447986,2.4758174
33.403015,30.829021
-65.618645,-34.17079
27.497568,-7.404276
27.3683,36.029633
24.915268,-25.392054
-35.23083,19.524145
-62.760624,-23.415413
-46.77697,8.40507
76.14133,-17.497507
-25.137318,61.80059
47.428387,-10.919893
-49.305065,43.975292
41.155357,46.939125
21.443138,-7.27355
43.4743,-62.31101
18.503387,-32.059967
56.67452,6.6167173
-32.817535,68.66616
54.600307,10.297208
-20.97093,-9.236997
22.698318,-6.1679387
-7.624612,-52.56815
78.200066,-15.776824
-53.330635,34.14856
-9.369034,17.327915
-38.8312,12.648482
-30.237652,65.87173
-47.860565,16.935728
51.668095,2.5857089
14.977798,-9.289003
12.363257,-12.502048
-84.150955,0.73408157
9.746359,-13.283232
26.75421,-16.233755
24.542978,-69.47782
34.851482,-10.993404
-47.09734,29.933294
-79.63061,-1.7204188
34.82784,-18.869083
-77.533585,-1.7525892
-44.408314,50.57082
-49.919846,25.751097
19.53105,30.355362
-18.540565,-14.545457
-32.698723,58.831955
79.43994,-6.9743533
27.735958,-30.413242
43.254215,-16.595835
75.0555,-7.3117414
-9.652918,-56.07715
30.44748,-2.6315815
68.47658,-13.817089
-57.170856,-25.283537
-49.578423,49.54113
-76.67042,-6.9605136
-50.340187,-25.138182
-28.392914,-21.850739
-0.08694453,40.773994
27.375832,38.810978
28.40934,42.697533
-75.854095,0.49534172
50.251476,-9.152533
-12.078177,-56.854637
1.4321238,44.695446
38.41651,-23.44807
-34.658894,66.17435
-55.45303,-24.232557
-50.696095,38.744965
-4.924258,39.86879
39.4791,-59.20685
27.282125,-60.628742
40.05347,-25.902971
-9.880209,19.377913
-52.20072,49.803814
10.625015,16.738523
-36.35969,-19.906837
-77.247154,1.2362592
-21.255363,-65.22526
-41.014565,-29.732615
-6.9907227,20.98077
12.751093,-11.5802965
-70.24264,-4.9250627
17.257454,24.94912
30.80481,34.0359
18.07944,-29.239504
83.99197,-5.8535657
78.499916,-19.499985
19.477076,-14.218061
25.50669,-29.502182
-12.009635,-64.68732
39.628925,65.542274
35.601265,-27.638859
-5.662003,41.070286
35.860874,57.68421
-34.316326,18.225126
-15.642272,-59.83038
37.120586,-64.02348
-4.3341756,43.806618
-32.626904,21.776663
31.904692,3.8479085
-7.4405417,48.36835
31.878656,-23.970854
25.368647,35.027737
37.443405,-61.756104
-44.62473,-25.51681
40.947372,34.762745
23.191023,-11.597417
32.320847,54.557693
-44.82923,29.689169
30.637632,29.840027
79.579666,-4.2457705
-46.651855,-25.654652
-42.767677,45.383606
63.256653,0.60203964
-4.712456,-52.74737
-74.30806,-3.4242837
-49.68087,26.884495
-11.384537,-60.838146
12.212278,24.793264
-52.037987,48.65385
32.94037,39.636837
-35.6708,-24.280046
-24.965322,65.84109
20.294607,-19.954353
-2.5940099,40.10463
-48.361843,34.96502
28.598871,45.878426
15.134249,18.300018
27.934935,-66.548256
-19.986053,-14.270389
-33.59813,-16.619543
-41.270332,-29.83942
22.822878,-32.95464
72.921295,-13.393637
-48.433712,25.027256
17.98774,23.282064
-0.88215244,-46.747776
30.977448,38.681244
-4.821056,38.548744
35.955505,-24.654806
-67.71958,2.761452
-57.681618,-25.861046
77.61552,-13.584797
77.18321,-26.666899
-49.70222,12.457359
-14.457264,-57.30067
75.37174,-24.035755
35.073864,-61.691658
26.620424,39.017433
-8.074872,-2.1719513
-32.42394,62.481304
83.702324,-7.0463123
54.966095,14.099719
26.33583,-60.321983
-12.121448,-2.457777
-5.6892514,4.7470336
75.27882,-22.255383
-9.641739,-57.635727
26.90413,-32.50485
-19.909601,-68.23465
-1.3790991,-54.331665
-10.638081,-4.9827003
72.26635,-23.591135
63.94847,-1.4407084
54.70017,10.184131
1.6033046,-51.36475
48.617107,-8.143447
-72.8101,-4.317162
-24.044954,64.36857
40.597393,62.437073
19.01942,28.542166
37.535145,-63.66726
36.19525,-13.822688
-2.5194821,37.319378
26.606344,-25.06281
-47.714268,48.31281
-36.993553,37.00126
33.622807,29.894272
15.769917,-19.444895
21.550777,-23.129122
-14.235529,-6.920003
-42.84236,21.022667
2.4902031,13.096041
32.010952,32.72697
-14.625898,-7.786037
36.900555,39.68281
-49.815056,43.384235
-46.72334,47.583782
-14.424278,-65.09918
76.51642,-20.224165
-40.87202,-24.20654
29.680424,-6.1447387
13.899542,-17.295406
30.56204,-23.746183
-5.032112,-51.61801
-49.53924,14.303878
37.939873,51.115395
74.37357,-14.340111
-45.887154,18.212315
31.464203,40.142002
77.58664,-11.975494
8.286863,14.403054
-29.506638,-28.14872
-53.27745,-28.881079
52.39827,9.338821
-31.386623,-25.92565
-62.648785,-29.834784
-34.481586,-23.772423
-13.194895,-61.790718
-21.897799,-63.952908
-50.495247,18.405819
-34.752537,-19.561216
19.538782,25.094574
69.13462,-14.641247
63.24008,0.07858073
-34.747185,-25.558733
27.292198,-33.479244
48.491028,0.21174783
-35.698235,-24.559643
51.777702,-9.172958
-31.460337,-19.80377
8.023782,-9.175524
-35.896038,19.733614
-33.19665,-19.735172
-10.643014,40.127552
-44.535973,9.035882
-62.63519,-35.347134
60.12702,4.882687
-7.618962,7.3236184
-35.553062,35.454403
-49.280388,53.930058
-10.459665,-55.149612
-3.4354997,36.17567
35.59792,65.22083
-52.125214,34.857105
-6.8121676,-55.77564
27.774334,-25.032253
-13.249939,-64.50022
-42.53707,35.038857
-7.367414,50.441174
-41.714664,29.681396
-32.61688,16.381147
15.0239525,27.07571
-46.295643,42.933987
-75.470955,-3.8817828
6.1362243,48.414566
-46.929985,26.951025
-5.782193,51.01869
-42.4724,37.88883
39.448696,67.20561
-14.845625,-60.109676
25.024416,-66.226036
32.494366,63.758022
39.20749,68.09233
-23.334473,-8.559738
36.630833,61.679054
-11.556047,-59.228226
75.92944,-9.25726
38.520027,-22.469187
37.6647,-58.35446
-25.697418,-20.408895
34.12969,-58.120556
31.27258,-25.86249
35.82189,65.7132
-45.111492,-29.142965
-46.03297,43.298016
-67.55759,-9.487471
-9.148354,-50.873455
-37.181,36.6789
-4.378263,30.741564
11.593636,-13.165687
-33.099556,20.173828
-3.3051522,36.267704
33.67964,47.63719
-13.787265,-57.8
4.272159,16.853321
-11.794994,-61.39475
3.9110847,49.980145
-10.95876,-59.742825
36.109383,-15.990783
-20.869907,-12.127112
-72.6172,0.32007083
34.002365,48.356194
42.98473,-23.168695
52.08652,12.771785
29.287699,-66.85922
58.566265,11.611578
-58.441605,-30.0304
50.579033,-12.446927
-16.61967,-58.3111
28.289404,53.88124
-50.195683,-22.882694
32.27388,46.103798
44.733734,-56.77299
-15.709638,-67.89789
42.94313,50.80825
-48.35653,-31.405941
-29.082903,-17.120949
50.396393,-9.322308
21.0004,25.521526
-39.30328,-21.798851
-52.15192,30.422787
34.235798,-53.594517
-29.090216,-21.774227
-43.59159,34.62498
23.934618,-34.77446
-45.970463,26.076641
35.343018,-62.468163
-23.14317,-15.436943
9.764895,16.879402
43.516914,-62.430458
38.750736,-15.723889
-9.379344,0.6777066
75.33811,-14.885249
-30.224495,68.403206
-16.92809,-61.19201
-61.00127,-26.13726
12.698743,20.045603
-7.1990376,5.8721337
-12.388839,-58.924137
-41.007748,-28.447876
-3.7807882,-58.136528
29.945593,-9.091742
-73.38393,-6.276525
22.392107,-72.75977
-53.640125,17.237822
44.13494,-17.440905
3.0680685,-0.8432542
-14.232763,-16.072115
-29.954533,71.04965
-77.680855,-7.4447775
17.849339,-31.609669
-38.950333,30.015228
-15.428316,-67.056206
-31.305384,-24.926844
36.934124,53.804413
-44.346626,31.12117
-6.1888523,-58.95119
40.820087,-19.341671
-35.366386,64.08401
-17.687424,-11.509377
19.452206,22.449697
-15.224217,-57.69551
-46.53839,18.496916
-29.24017,-17.82859
61.449753,10.070681
25.54338,-66.383286
12.691188,23.776041
-38.409115,28.757875
25.625177,44.77471
27.371742,37.380836
-40.887577,40.96049
81.40938,-6.4932375
41.48477,-14.161757
-53.640923,17.324913
-48.366398,26.019876
14.746147,27.171492
24.888716,-28.091782
-8.029013,-57.225033
-59.119568,-23.191267
-44.64413,39.322807
32.42584,56.04373
-7.223503,19.071943
-22.995903,-13.436481
-71.60791,0.3882918
-73.82763,-0.84764165
-26.911715,-18.903536
35.692284,-19.151648
-73.89868,-4.936847
8.89616,-15.639529
72.55655,-28.475723
-40.01139,30.238731
-83.44194,-1.388578
-29.575077,-21.735111
53.953125,11.714239
-35.437386,35.34954
28.113596,40.91756
39.626656,46.043774
-18.43079,-62.177395
63.05807,0.0016949931
-15.881196,-9.598035
74.244156,-21.845795
29.473719,39.134842
27.176998,52.089657
-6.1361027,35.768368
76.38781,-18.087055
9.796265,14.333578
28.521725,25.226345
-50.197548,-26.95579
9.433162,15.0677
-5.5218434,-55.200764
75.98325,-28.419216
23.815042,-6.0098248
-32.621265,-28.28797
-2.922065,40.581665
-40.122128,-14.628968
43.18197,-60.851524
82.42827,-5.2097816
41.187035,-13.810713
15.712771,16.105618
-46.31465,46.298496
9.43552,-12.207654
37.27663,-26.979752
35.66217,-54.186768
76.777596,-14.198385
-7.0094376,19.912788
-46.28705,34.329304
35.56436,42.01123
-8.724603,4.751629
-19.10388,-9.391186
27.982042,53.918888
-32.784443,23.274252
-4.306986,35.833557
59.8145,12.759264
-3.746416,-50.365547
-42.50405,14.424542
16.479353,-16.291449
-0.7405873,37.46235
-42.26389,-23.637886
-29.453976,63.258568
24.098385,26.911915
43.35158,60.45511
17.785587,-7.5291348
-44.41731,38.951508
-82.80483,0.13248992
-47.371593,40.368958
-18.066177,-3.3241413
33.119858,5.4794683
-13.565821,-58.105064
27.451708,-17.286549
-45.471073,10.499394
22.44853,32.715126
53.960415,12.766255
40.22419,-23.838
35.031433,38.12749
-3.0798733,39.181362
36.908226,-15.724034
-32.8404,-3.9682837
12.933105,18.92417
-3.6393569,-46.809563
-48.765533,53.29651
12.1628275,23.779528
54.2245,15.383666
-0.28954354,-45.719532
19.549969,-16.768057
-51.1975,15.062873
-82.48713,-0.29312336
36.578087,47.350407
72.48665,-28.37027
36.69052,56.116554
-28.92405,-27.102757
37.559303,-54.646206
16.747437,26.34829
49.02376,-1.9157863
-2.2228239,-49.703445
21.955511,-73.31228
15.318359,19.723742
-12.960683,-67.03449
-19.997334,-15.438266
14.137009,19.236027
24.03553,-28.114044
-41.245617,39.14096
27.341904,29.160044
37.0689,60.828037
32.092876,52.881153
10.501754,23.15337
-19.146168,-66.64048
-14.851403,-67.932655
-33.12293,62.92363
-19.088602,-9.544595
-51.12315,-24.881283
-8.732021,14.443605
45.380157,-9.244316
59.532486,9.624956
8.28873,15.470776
3.322097,12.780158
34.996292,-53.5404
24.237804,-15.531751
-27.588346,59.858036
40.185146,34.474903
-23.484558,-10.221819
-18.464602,-11.447156
-17.026762,-0.8068367
74.58388,-23.915081
18.661655,31.086836
-7.292512,42.888256
-15.389662,-11.207804
21.926966,-7.7944417
12.670723,17.021091
-60.426853,-31.11122
-3.3256996,-51.68256
42.289085,-10.512637
39.189045,-25.950565
-44.778355,11.992993
80.92468,-3.1448758
28.761503,-11.382069
-77.19291,-3.385478
38.692543,-27.534998
-5.9968853,40.066414
49.943886,-3.077984
21.925114,29.484396
-49.107094,35.871483
-77.3784,-2.7490067
33.966667,-8.52051
34.400127,-13.804411
53.008495,7.2261357
39.953625,-16.96877
-52.288998,20.718443
24.12697,27.934181
21.169659,-6.790627
-32.44175,21.087645
34.98758,-8.638509
60.234478,4.1119165
-40.615814,-18.927689
-51.325188,-21.598724
-42.013996,-27.091248
20.227695,-30.259
-5.822505,34.75812
-10.971356,15.486936
7.0625014,13.136827
-9.385469,-59.049583
61.950302,0.47944936
72.60967,-28.661077
-48.4741,16.812696
17.484241,-26.10147
77.42091,-20.541897
40.741756,-62.73968
31.443947,38.603947
4.66133,-2.290536
-30.946371,68.470764
-61.316475,-35.998005
-8.439093,50.241833
79.26572,-16.110651
10.065603,15.635539
-63.62109,-20.286182
36.734245,54.317432
26.955654,51.260685
27.20683,39.249577
-33.043,24.744947
-40.65639,44.52175
36.595467,-9.193011
-38.735622,30.155397
31.915619,-3.9472175
-8.099022,53.72792
-7.4503207,-1.0415107
27.434196,40.053738
-39.938377,9.693388
-7.5994554,19.516617
24.535946,24.27476
11.084706,-13.299299
28.577913,-29.942514
20.869541,-10.381404
-50.779804,21.864685
-31.762053,-22.127707
30.827557,-8.639389
32.292812,57.2519
1.5671667,46.2471
-56.698757,-30.137423
28.489439,32.32124
-59.780407,-38.385284
-37.56244,-24.59895
18.817673,-6.805915
-36.386417,52.60479
32.662663,-6.4577985
-5.2841268,41.799587
-29.675537,-16.800255
27.386875,-12.893526
-29.605875,-22.357855
82.56095,-8.643737
-10.412388,17.822
-47.203846,25.158129
39.409466,-23.70898
76.82634,-22.53492
52.271927,13.618761
13.80261,-9.178987
17.443624,-8.178638
29.795744,49.632217
-41.70654,-18.991713
-78.93316,0.82662857
-53.057404,35.39631
-51.996895,29.863317
-14.93481,-69.1894
40.87551,-59.693485
32.4408,29.449366
-67.89216,2.6342995
-6.491955,34.906662
-5.4362483,49.2236
-6.347948,8.155755
21.245537,-17.532267
26.829624,40.07801
73.71613,-26.640272
39.875416,66.8501
35.669376,48.480137
-39.152874,-19.681229
-44.742092,25.664051
-37.665554,30.527225
80.72608,-1.0529037
-39.24406,30.75225
34.21273,41.60059
50.777126,-6.8520103
-39.67169,44.049576
-48.84641,-23.552847
-48.120705,25.294273
-46.93805,16.013155
29.038336,35.99057
32.8855,-25.092796
30.770601,28.185888
27.17215,-59.162678
3.6088698,13.645737
36.722935,52.88513
37.704403,-14.226402
76.202995,-21.033424
-33.83857,61.267433
-45.650467,39.396835
-18.065851,-52.629143
63.17829,-0.094954625
-9.659294,0.53102106
-38.903294,12.603812
-48.127182,20.288969
-8.047916,-60.73428
28.242548,51.206882
-17.020548,-68.98306
-69.509186,-4.975681
-16.496496,-10.192875
-51.033535,29.453798
84.663795,-4.588547
42.897507,-63.1634
-43.82418,38.761566
78.476006,-13.501312
78.98644,-19.354198
36.73113,-12.30477
26.337042,27.358507
-29.160284,-18.517736
-16.226273,-11.346589
78.35464,-24.23407
-8.453392,-54.156647
-32.554928,63.270355
18.750912,-34.19694
-8.461524,44.330257
28.60467,43.323925
54.94778,12.72994
36.980152,-12.063761
-36.93754,-23.091368
30.605719,32.211933
-74.8513,-4.7476788
-40.07663,43.61926
-44.323627,29.330633
12.550149,19.571121
33.10796,62.76011
36.027287,-62.043312
10.684493,16.491491
-26.638294,67.46861
6.6736794,15.444124
55.30607,3.8127532
-6.0898085,17.40981
43.3639,-61.490437
59.78137,12.470237
60.04595,3.642351
19.892744,-16.902456
-48.644825,25.758894
-1.4556013,37.92006
11.903054,-14.93581
50.891094,-1.7740186
-36.713146,51.007523
-10.011825,41.14964
-9.436847,-63.80564
55.90758,5.2998652
70.11341,-27.216492
41.208874,34.6119
37.254517,66.92355
17.223215,26.751612
37.67175,-59.29959
-7.947988,12.085957
-25.13275,-19.679918
-30.765554,65.344
34.802612,45.647987
35.43116,51.449787
37.013145,64.643234
-21.397903,-16.634989
79.725235,-12.646266
-30.12578,69.068535
-41.59018,-21.527943
-3.979629,13.916181
52.718506,-2.5497472
42.08198,-15.286552
-49.14865,-34.42985
-47.193924,37.054024
-48.532066,-31.240276
32.69409,-19.885742
-5.74944,3.0618012
-45.243702,-29.08503
-68.610855,-3.3643217
-82.489555,-0.44768444
2.5076773,10.830357
24.352001,-34.30023
74.6319,-19.534786
-37.756935,15.993356
-5.487317,-57.390415
34.291817,56.441093
-50.392647,32.197197
-65.4399,-30.448977
-20.945427,-8.4258995
51.897915,-9.186073
26.650856,-65.79158
27.05663,-58.935116
26.190483,-67.79242
20.260502,-6.761695
-24.539797,-13.935241
-38.3507,51.27071
-11.607558,-3.7642908
83.65484,-6.919191
-30.625723,68.60401
-51.65868,-28.653973
13.954628,-7.8900857
27.86991,32.92811
19.965794,-29.067348
25.004265,-23.796867
-0.86068857,47.92934
22.443401,-7.2456193
33.683414,66.07269
-39.168198,-13.462454
-8.832073,15.985543
-16.540688,-65.54482
-44.175426,-28.435179
-32.305477,58.860268
-48.827732,27.685362
-51.4285,20.01016
-39.932487,11.425115
-10.956065,-58.13573
39.39449,67.093796
20.42154,-18.508265
34.67228,-13.836282
20.897722,-6.507066
17.570675,-8.200523
26.037912,-62.729847
-51.58022,45.061764
32.041573,-62.056763
27.743532,45.0608
16.794838,-11.963148
76.039276,-23.008245
-1.7259163,-47.814507
-39.368797,49.261086
-65.4362,-30.422733
-31.770996,24.072132
-1.7104495,40.303833
6.801593,-12.915525
-34.761597,-23.474363
-32.76322,21.428576
25.367903,-64.62579
-57.10729,-34.450573
78.417984,-7.833087
-13.084646,-6.904783
-9.791203,41.3353
6.6156535,48.35916
-49.54629,-26.776915
-8.438565,14.250962
-48.611507,49.981724
-26.072052,62.423668
14.6712055,26.93113
0.38266534,39.8203
78.12901,-13.79768
29.374994,-12.2165785
44.837254,-3.106945
-46.822914,35.738712
-6.6025496,47.39882
-30.67536,24.29972
72.49882,-11.31084
-20.549875,-10.759214
39.66802,-8.986913
-12.592487,-54.503696
-39.188034,-23.3029
-45.890163,42.90807
-8.135115,13.181665
-14.084502,-3.8516424
-49.088634,13.90648
18.94165,30.724512
48.571842,-6.612715
-15.033664,-8.59656
3.4840262,40.04879
-60.900295,-25.200188
-1.57144,35.279884
39.629894,-24.212631
-44.440556,50.247616
11.264787,16.992205
-46.284073,42.818214
-44.445454,15.493129
24.873718,-69.0497
-39.728317,-29.412912
18.051207,19.889631
-7.0180445,41.302475
-59.865658,-26.222101
-42.082405,32.219643
-8.406405,15.63531
-23.769888,-19.879036
-15.518528,-64.19643
45.26475,-3.1400924
35.252693,49.71933
-36.259743,54.11729
-49.013786,-30.762154
-39.928497,34.173805
27.268303,-16.642385
21.51104,-73.16866
-47.64441,-32.69265
-41.72498,28.639818
48.7603,-9.870314
64.01841,-1.5505085
14.596883,19.28409
37.414307,-23.69391
-22.576496,-64.23302
42.51292,45.020836
39.828728,-11.2735
-58.555332,-33.47446
-45.518276,20.635197
-5.326238,41.009815
-49.93356,-26.14465
-83.250374,-0.31891766
-62.8101,-36.272835
31.218948,33.67583
-52.478676,45.96954
-6.2183366,-50.980286
30.77306,-25.599289
-8.9706335,19.669943
53.342667,3.8160446
21.253746,30.692818
28.787285,45.6276
47.58493,-8.077659
39.285217,-12.167854
21.419216,33.449017
77.52026,-25.72377
-36.90239,-20.236952
-4.736013,38.407974
-46.529938,19.806135
-42.933357,20.44727
-73.04233,0.4247938
78.97979,-9.233923
29.722786,-24.787268
51.710064,2.285898
-61.43098,-33.244976
35.952354,48.871655
57.958523,11.858906
-63.414524,-38.508644
74.03128,-9.655621
-46.627567,9.3693695
-62.200638,-29.205002
-61.344807,-27.545063
-56.30908,-34.690655
-53.403217,26.119686
-52.66102,-29.498085
-16.289188,-16.460857
-29.782299,61.29251
-52.560204,-31.118654
-29.184063,57.485752
-51.6376,23.245188
23.881258,-9.920594
29.814802,38.89094
34.327087,59.64432
19.469677,27.591276
8.240887,16.185354
-52.025406,-30.133135
82.02396,-1.0163081
30.473854,58.919647
-7.595252,50.74044
30.685968,38.073563
-5.243227,-57.35302
-5.131604,42.218407
-65.87638,-25.832159
36.043297,56.63096
2.1485775,13.115396
5.7700715,48.586792
-27.57173,59.91217
-51.746708,49.48991
40.96507,-19.137848
21.420439,-6.626524
-59.070927,-31.57029
5.001415,13.226961
18.81464,19.336994
-39.84557,50.012974
-63.52232,-37.73954
16.09173,-12.086535
37.42063,-60.125137
-63.9941,-19.178108
-70.944695,-2.3663533
35.3722,-18.252388
72.54798,-26.051958
29.615639,39.09679
40.563747,-20.802814
26.596684,-64.17248
-7.930526,20.224064
-42.737762,21.24698
-31.1615,-26.071333
-28.720259,-23.81522
-46.39851,23.295328
-1.1330148,-54.62713
79.44812,-19.103127
-32.75501,-24.113844
-12.478505,-9.897059
35.99062,49.091972
38.807545,61.722057
-6.9926815,5.0017424
-75.029396,0.30800444
31.139545,45.91917
27.524181,47.072758
-41.952568,-24.521507
0.9314197,47.73531
-14.898526,-63.99762
51.88156,-5.3794127
-36.974754,-15.423704
41.242577,34.664955
-24.777958,65.35553
-9.156852,-1.0009756
-33.99785,65.04069
24.482523,-32.24314
14.284481,19.756838
-12.608578,-58.092957
36.988914,-58.373207
3.3269515,50.310215
-45.688854,-26.517447
-24.860256,66.57025
21.365906,-30.582829
-40.813255,42.17229
-43.721146,-28.593483
-49.958717,53.557884
-34.588715,-18.799221
26.574743,46.961212
36.075565,62.065456
-44.39641,25.991861
-41.59404,14.756074
78.729645,-22.113104
13.380034,-15.767293
32.840893,61.99034
25.553753,28.18051
-42.925964,-21.659838
-35.873974,64.228714
32.222393,57.04325
-28.992908,63.631477
-37.945465,-15.167439
13.883846,-7.608021
-54.794384,-26.241179
-41.27266,31.431852
24.589804,50.282646
20.729282,33.987267
71.72261,-19.19838
36.322945,47.884445
-12.600997,37.27063
30.239664,55.789738
-64.10153,-19.574661
-13.964746,-7.7701902
-22.457016,-24.455357
50.83361,-3.0380113
27.18055,36.35238
43.054585,-13.371514
-18.839748,-52.24657
-3.5781949,-48.375065
36.87516,-21.24797
77.77573,-25.101017
-72.3722,0.46675345
-22.161156,-24.376245
11.055323,-21.823317
74.792656,-28.957565
-8.037802,12.280506
25.153522,-68.82434
32.072113,39.706184
-51.756844,-18.573708
0.5416781,51.74649
36.619446,57.6428
-41.36973,30.860382
25.898178,-7.255158
18.548023,37.67259
8.44042,16.6502
49.118553,-3.1783907
30.146908,40.30159
-52.90376,50.839573
78.516556,-5.608369
76.73495,-8.598891
-6.34666,11.763527
50.62792,3.4978914
27.82234,-5.9805303
37.165783,-13.34679
37.981575,-25.654156
-7.389242,3.559174
-12.309118,-3.0869894
39.103333,59.41096
26.197634,46.23068
2.2447536,42.95027
-1.9822586,39.067127
-56.49725,-25.657072
-30.119,25.616796
33.61214,36.99726
-48.6484,13.555082
4.9592233,49.59237
-17.385986,-67.2228
36.0625,-26.729675
-57.622513,-28.223713
-19.440075,-64.11284
-64.7535,-36.42939
82.88488,-7.036794
-32.655815,-19.406694
-53.165394,11.136496
-16.387665,-6.205314
-31.463469,63.187218
28.840939,-17.085503
-31.439026,-25.964449
37.703884,61.628105
42.88352,45.34518
36.73757,58.382343
-39.71986,27.927958
79.96311,-8.148729
-45.776016,19.785866
-42.01382,27.7017
53.876884,11.351144
-40.58054,14.236965
76.38906,-23.560287
-45.954144,41.901604
-64.737495,-33.187935
76.37903,-19.140793
25.367338,-69.08081
56.938328,12.314594
-45.90948,13.142758
40.341488,-58.907986
-10.290022,-4.577231
27.043356,-19.365973
-38.050644,30.302984
71.4401,-23.828846
81.2167,-8.933956
-45.780365,24.687485
-52.95491,27.428692
43.122814,45.07123
-52.928738,23.498953
-31.60907,22.674387
33.47669,50.816734
84.60254,-5.5229845
38.54117,-57.339554
73.84471,-6.9099226
54.025566,3.800307
26.68413,-67.12084
-71.64559,-0.5109034
-13.526273,-61.109016
9.526893,-15.605341
30.739857,-23.741903
-23.081873,-15.405193
21.537706,-4.615676
20.861374,-72.684265
39.4591,-23.345406
21.870747,-17.328802
35.42281,-64.4227
85.38474,-2.7126696
-63.490932,-31.31329
-37.838257,30.375801
29.861559,-26.287195
-51.56146,49.825397
-47.0033,38.586582
78.09185,-7.730664
-47.079727,10.785826
2.1754978,43.77778
34.434372,34.858913
48.052097,-9.247396
26.263412,-21.341082
35.75366,-25.803623
-10.644886,-66.922325
-3.6736174,-47.374146
56.479282,6.666346
-8.536635,17.074854
27.064758,-32.579426
24.151499,28.273684
41.38922,-57.93758
10.509989,23.329866
9.478672,-15.906673
33.128864,5.6087866
50.31537,-2.1907325
38.821865,-14.190822
9.76981,15.02526
1.0723418,13.487281
30.267353,-14.250733
-29.619257,66.24006
-32.9549,62.936623
24.837812,-29.432943
37.772514,-20.974928
51.61116,-5.796986
59.82015,11.479052
41.18341,-60.614464
75.45715,-28.52145
9.27319,15.911179
16.266527,16.745794
11.14614,-9.752455
-71.57722,-0.16297576
-35.204952,-19.73797
-78.34797,-0.41519633
-12.837299,-56.752975
-7.2431297,19.188911
25.049387,-27.912228
-11.771964,36.990273
-15.888928,-60.354805
27.989422,46.567234
71.53738,-23.42259
-72.55687,-6.763751
-18.080887,-68.654305
16.533415,-13.7650385
-33.862907,-26.152788
19.729494,24.649595
40.359234,34.881958
-40.864494,-24.49607
-28.261475,-16.96183
-17.841278,-64.62519
32.587917,-2.3539045
25.186605,31.58515
-55.528427,-32.925358
46.72461,-5.1237907
32.938705,-8.600891
-38.678085,-25.471516
27.291138,-8.44709
42.724545,-14.871875
-56.25853,-25.77341
19.223125,-34.960648
-45.841606,41.794018
14.302113,-19.465782
-42.02075,9.085129
-32.60036,21.406527
-48.513138,29.01372
-32.352585,64.319725
28.489172,50.157024
72.39189,-27.060898
30.998356,-63.493122
-7.4972,45.612396
-46.287033,33.615295
-6.79902,44.023216
-40.54769,12.916896
-10.001474,4.323459
32.714283,64.85582
49.540165,-5.4868145
75.32654,-12.859037
-16.251932,-10.603544
-32.096275,-25.569145
67.867874,-13.617658
40.01491,-13.474452
3.3644965,-3.64188
-30.449259,-18.299322
-54.15901,-22.510105
-30.433508,-19.418629
27.353731,-29.850004
-14.951448,-66.549934
-42.958237,10.758103
-36.526886,50.373814
-47.17333,49.698017
-46.67119,9.557227
-39.72321,-29.420238
-13.040989,37.55071
-34.149464,16.820957
-31.934807,-23.891045
-43.86224,-31.97188
-53.606834,-21.938688
-34.495926,-22.829292
-45.064354,45.89955
25.330023,-64.480965
-53.214928,-23.900387
-45.515404,20.192518
-52.221714,48.789604
-13.220053,-56.345757
-25.127048,-13.6135025
-62.91881,-22.785915
32.8134,-15.687029
-49.122154,47.294544
-29.351486,23.062313
11.043911,-15.947342
-34.772255,-24.760035
38.99447,-10.651394
30.031815,-64.5501
-37.638634,29.968294
-60.47547,-28.987505
25.846777,-68.305016
2.6836922,41.579945
-60.47649,-28.382128
-58.113865,-26.809395
25.24317,-17.940336
38.149693,-65.61927
70.06003,-5.164725
33.784977,-26.943796
-38.340996,45.402637
-39.04574,-19.520731
21.704748,-71.978584
21.97425,-28.755878
-42.124508,46.93865
-0.15758587,-45.620216
15.144442,27.128077
77.64873,-18.36182
-20.984428,-8.708268
-36.75668,-15.417419
26.692286,-63.968937
-12.064143,43.495415
28.699179,39.546925
33.473408,63.308884
-45.876156,34.990757
-42.281586,33.224377
30.251503,42.181873
-4.2923923,40.04002
-77.60312,0.35266313
75.91881,-9.375795
-9.744016,4.487213
34.69651,-59.983364
21.40685,28.447332
-18.303074,-8.6402025
-32.953114,58.003696
-45.832607,36.564297
-6.27569,6.743964
-10.064664,-3.3880882
-7.133047,18.618345
36.552692,49.97267
-32.49115,16.222681
29.383091,-24.196074
17.110435,-34.47542
-53.62381,-28.455383
28.773138,52.243053
-24.313425,66.18215
12.550224,-14.073202
30.136595,47.461967
33.73606,63.137856
-5.9613914,9.930559
28.311691,32.901665
14.727839,19.710104
34.674828,43.41291
-35.54758,57.787823
-0.78441226,-45.27641
-12.680406,-2.7293973
55.882843,12.381687
20.651926,27.05425
-4.1776233,34.580177
28.727106,49.70286
21.226246,-23.16605
-3.3866909,11.784036
-38.946594,13.1186695
21.335457,-24.660278
25.95392,-13.175713
-2.6209724,36.296227
-39.9211,9.6449585
38.686493,-57.54165
-24.968685,66.61256
-49.371037,-30.442007
-35.490234,65.52082
-1.7412386,-46.184017
72.93943,-11.316377
38.060635,-20.19319
-42.527706,17.202564
-76.09572,-0.3970269
-9.612437,-51.403236
-12.100961,-62.608364
72.26368,-10.971062
13.817801,18.612787
41.177727,-11.330547
50.17095,-7.656516
-48.29839,-26.041239
25.188078,-67.22647
58.89828,11.815343
-41.228558,49.066696
49.170628,1.2150861
-49.246902,35.755035
-26.334145,-16.638248
32.833385,-22.417355
1.8626138,44.950954
38.21037,64.34694
-34.064903,64.58099
40.56547,-9.844818
-7.7991343,47.33235
-1.5206404,-48.60111
-2.7386882,42.147835
-31.063185,22.234058
51.617798,-3.3861094
-50.992428,17.135754
0.8491002,52.021317
-44.733463,32.041492
29.706919,54.65562
82.20601,-4.937376
-3.3827,-55.18442
-48.192093,40.760036
19.201563,-29.93974
20.166597,-18.90077
9.280766,-14.689104
-59.732204,-34.737705
39.361816,-54.901432
-15.017486,-65.61217
-17.281101,-1.64537
-64.648346,-33.62509
-19.137796,-51.963352
6.046205,15.898306
25.29224,-28.746967
-1.2418236,9.222971
71.805725,-8.189306
-54.67933,45.875717
-3.6411252,43.44011
37.78357,44.869473
-35.29223,-20.18811
-31.514585,-21.443716
33.026527,34.80893
-7.534515,18.249517
34.42269,49.364002
22.392218,31.253992
58.785988,12.06454
12.6537695,-14.273466
-48.974915,45.13881
-9.643095,42.2296
77.2967,-15.900521
-29.381897,68.08116
38.067486,-61.82543
-22.50288,-10.711789
-63.210133,-22.641418
-55.289295,-29.00177
-7.592514,5.3051996
-50.69158,53.803246
-6.759762,19.529247
63.456764,0.4311913
38.721565,-12.42564
-32.479233,-16.081894
31.235361,53.198483
35.316235,-53.83841
33.431522,43.282173
38.45417,52.78043
78.35658,-18.540745
-83.10411,-0.26749176
-43.664223,38.62318
29.170137,36.041634
19.042568,-8.374887
-46.041893,35.710873
-15.622999,-4.1556134
24.25365,-69.9132
74.98012,-22.532904
-18.97345,-65.82973
-81.873825,0.35972115
-17.247458,-64.28133
29.377598,-6.672821
22.767471,30.514704
-63.335354,-28.955572
-7.975783,15.192508
-6.6366463,48.061577
23.062832,30.955114
54.384617,4.6867642
83.64965,-4.3472657
-51.59806,28.937042
37.976086,-26.300217
35.593853,36.02326
-7.0116463,1.1777622
-7.6767735,51.154526
-47.316433,18.463861
74.461075,-26.5981
-19.146822,-14.416425
20.437826,25.025536
-37.075764,-18.995762
39.88632,-59.29494
-1.2015544,9.261378
-48.150414,16.89349
2.769206,41.50758
-24.476143,-19.15186
4.711122,16.057535
-71.53641,-2.232008
41.707783,-13.890307
-16.629612,-59.57004
38.060867,47.385284
79.33335,-13.446088
34.446358,-23.643463
-1.9771206,-48.510796
33.860466,50.941147
8.403579,12.543102
-13.450066,-62.115234
-30.340553,61.43097
72.44008,-19.2361
-39.90436,17.065876
3.3468232,16.204668
82.00141,-5.0388746
49.27379,-7.159437
-59.226288,-36.15789
40.460117,-62.13709
41.193657,-11.368501
77.5261,-16.90102
-44.305035,-28.95803
-51.626892,30.805763
84.63488,-0.9617569
31.099298,34.78149
27.636724,-12.427904
36.374,46.290817
2.921549,41.45726
-13.971325,-68.19424
-58.173428,-29.771017
-76.70969,-2.11197
-81.03582,-0.461265
2.1092446,0.6100701
22.649698,24.157557
17.99449,-11.273646
-49.78027,30.182005
-7.1510096,4.549311
-34.357216,-17.284313
-13.211037,-57.305927
35.700726,-13.876202
27.810383,-68.06236
-78.43832,-5.231651
70.83685,-4.3655677
-24.099014,64.56929
-8.591332,45.222454
33.769943,44.455757
-49.63971,11.930748
-34.6387,65.34053
-7.9464574,19.210018
40.25942,-12.886429
-57.467052,-26.578241
-16.832409,-8.459055
-7.28723,15.975614
34.368004,-14.286374
-34.98398,64.89238
-8.608185,47.42384
-25.042747,64.521095
39.42991,32.94213
-42.63715,44.273994
51.258495,1.4977199
43.342754,44.26398
30.662785,34.496777
-7.279353,-51.114834
48.98438,-12.448645
-74.66319,-2.9702792
33.30695,49.211266
-19.717249,-14.260279
-42.798153,14.03666
34.63708,50.0459
-47.064495,33.990032
-39.361996,-25.32196
-29.58583,-28.25181
-6.15413,-54.501873
20.748547,-11.419258
30.159712,-2.5169072
-12.989948,-58.265903
14.898628,15.617711
4.4312215,14.729631
27.936512,49.70972
2.9095309,42.151897
52.69617,13.47664
-1.4671305,-54.25345
-46.90001,48.27863
32.54973,48.81765
-64.30529,-21.550537
26.359583,50.196575
42.71871,-60.577324
-30.565472,-20.115204
26.693916,-18.200054
-28.158432,-24.089165
13.730371,19.240074
23.0012,27.461208
25.95229,-16.47125
23.42261,-33.660805
34.67083,64.27148
-9.406215,-61.86662
-43.224728,10.067274
-11.1613865,-52.318382
17.810911,-10.23509
-40.813957,-21.003035
71.319214,-12.024924
-12.556937,-8.159753
34.24987,41.86703
-65.24748,-29.988958
-46.262474,35.074715
-25.789927,64.71978
-78.89145,-1.0383356
-5.679075,36.49419
-12.425041,-60.874916
73.74347,-8.261511
25.942083,-59.756374
-12.984113,-54.92433
30.805246,-8.835344
36.90248,52.462387
-59.008785,-30.024492
-51.227253,24.362776
39.291363,67.281975
10.554758,-21.19968
29.913916,-6.3772035
26.256052,-63.52852
29.081268,-19.063772
25.153765,-13.029735
-42.592987,34.980606
74.00448,-20.01905
-41.266663,44.412193
-7.51665,51.41141
-78.64966,1.2148488
-51.0318,46.943027
81.74852,-5.0930686
-47.40405,17.11078
32.94352,4.7435703
-5.874361,4.7308593
-4.959777,36.205765
-41.835716,-30.75604
-73.86047,-4.077304
-43.372185,38.586246
74.52112,-25.181314
-17.562262,-66.18828
-72.16207,-3.8872337
19.620472,-25.660242
-29.384111,-21.167969
4.4658947,50.61124
-35.676434,27.801897
10.2623005,15.49042
77.51024,-6.974753
-43.688652,25.084803
5.808025,16.394028
40.89921,-62.154747
-9.349635,-0.77691776
31.888477,3.8363826
39.97205,-62.26344
-60.256554,-31.358149
-25.459408,63.608006
40.856953,-57.629177
26.04624,-64.33667
-28.35935,-17.785694
31.627665,50.946796
40.961617,-61.433273
32.791943,48.524246
-52.100163,-26.367176
18.662306,-5.7702894
34.245632,-25.153778
28.78969,38.613205
-58.872482,-34.88362
34.598763,-53.813927
-8.674768,-60.402397
-31.162722,65.08125
-47.685726,-33.891003
22.850931,-24.837261
-65.87116,-25.829666
1.9704525,44.44611
31.32589,-8.691485
76.79636,-24.88037
-48.18336,-25.9538
-40.07525,45.77685
-36.225704,51.47032
-48.234097,17.788887
36.41668,62.938854
-20.415182,-3.4569006
19.973705,22.428885
36.08993,-14.153364
45.31625,-2.5868573
43.110626,-13.621462
-1.4613963,37.882668
-24.31623,-13.691199
37.298157,-21.333445
-12.853161,-5.3224792
-72.690254,-2.539414
32.327618,62.306282
77.24945,-22.161062
-46.147385,16.931858
26.09926,32.507225
-48.077774,42.314045
33.95486,64.353714
72.45053,-23.464151
-41.624645,13.348741
44.01038,-61.94149
7.8062835,-12.728278
29.019064,-4.695063
-42.771576,44.411045
-4.8761024,-59.73187
-50.24833,-22.125532
61.46578,8.9619255
-30.699284,62.12203
20.43505,-30.468596
-60.656223,-38.180614
27.085188,-31.48459
19.138983,-16.598764
-10.560174,40.075165
-6.68396,35.18043
82.456604,-3.9956875
35.91705,-24.606596
-7.450585,49.01406
26.466171,-30.747707
-35.162792,-23.511454
-45.39793,13.4841175
43.52772,-58.538303
-9.958993,-4.806671
49.34389,5.594004
77.7076,-18.319647
-48.6974,11.391003
28.835484,42.766453
-27.660324,63.058037
-47.509792,-24.968624
-49.48265,13.090756
24.125807,-33.323418
26.559614,-30.490974
-41.771484,27.934185
-52.60896,-29.6553
-46.30509,12.442658
-15.217545,1.0050004
4.012438,49.1966
21.372828,25.022285
26.9724,-64.58559
-27.868532,-20.934689
-62.162975,-37.355606
-15.02143,-9.4009695
25.770607,44.8093
44.948948,-12.671999
-36.615433,49.924656
-25.091846,63.219543
54.954327,12.693372
-44.76179,32.769703
-64.32758,-3.5060773
-32.068947,-16.006796
-30.09482,68.1142
18.850996,-20.141878
32.093975,-10.193017
21.952436,-72.58083
-50.59737,-25.26462
1.0937871,42.55334
-40.90691,32.751297
-43.499645,43.14162
0.11864587,-48.17529
-7.1934795,53.755802
22.403084,-32.39914
29.455564,-11.629637
1.1057823,10.467056
-43.847126,24.706768
-58.63126,-35.2864
12.309249,-13.088408
16.604023,26.661652
-35.26464,-23.765495
-46.159134,13.909124
-34.180573,65.48625
10.869888,-12.102645
-40.659863,-14.249554
38.7272,63.371544
1.1282432,50.93718
-47.71024,44.36802
11.233848,24.840364
-7.758904,-63.29033
-61.874077,-38.381866
10.049356,-14.631011
6.2219987,13.388311
16.705362,-9.758558
-52.13105,46.58571
-31.81641,67.38284
-35.080452,54.979862
25.003935,26.703848
39.62062,-57.624687
-59.459023,-36.21423
-28.133387,63.819496
-45.47264,49.570187
26.917036,-13.193625
-24.928661,63.807564
59.47653,8.440036
-21.212458,-13.690397
-20.055319,-68.43775
27.050362,-5.7603855
-77.21607,0.12634073
-2.9517999,-54.95222
-30.809902,64.47531
22.532389,-72.48118
35.475742,53.347137
76.579346,-16.847486
49.42933,-3.0302136
-19.002544,-13.452724
-14.152282,-60.796577
-13.605876,-6.3745103
-16.829647,-11.901294
-11.3679905,-2.9577534
18.17771,24.509655
72.98226,-6.6360383
31.793459,53.272026
26.491539,32.57927
-45.618496,23.008865
-74.12527,-1.7048888
-61.598183,-33.6516
-30.139336,-18.769825
-43.48196,42.29546
39.577236,61.623528
40.048225,58.576096
39.92234,-53.444706
-56.489395,-25.995817
-7.850522,2.4049559
24.91017,34.352093
-6.812395,8.984233
37.590862,49.220737
-21.535412,-12.278154
39.308273,32.565716
-0.7357639,43.468582
-40.32373,-13.901398
-78.08717,-6.502861
-5.86067,-58.568127
-6.4628124,45.196827
-62.31069,-34.542053
-62.801285,-18.490843
78.451225,-12.305732
32.990303,-21.93467
-15.040366,-8.383653
38.707905,-54.705555
68.13471,-14.177953
-6.3505845,44.733284
70.39451,-24.313005
26.032238,-22.980505
83.75113,-1.5609614
61.749023,9.293001
25.60798,-9.734309
-7.3485017,-52.521862
81.089226,-6.2955112
36.047073,65.14172
5.281337,14.379214
-40.581387,-21.634111
41.435574,-57.609943
-18.592302,-66.82425
76.66214,-11.318362
-46.003494,32.32933
35.99205,46.52847
40.35208,-13.017965
35.30872,-9.692123
-29.524569,-20.27378
-75.13937,0.9503649
-5.529424,-56.091812
-18.789473,-14.660631
34.666767,62.235516
21.850508,-72.29164
28.025354,44.780663
-62.711815,-28.57002
-44.954323,21.02784
-29.193888,57.66028
-41.381344,12.651597
-14.353171,-15.897124
-37.98481,50.2393
25.959433,-60.064327
27.568851,43.892338
-53.750237,-24.877079
-82.32487,-0.52403724
-37.040825,26.959045
76.78478,-15.856857
84.732704,-2.165243
-21.640926,-63.08485
50.524998,0.22680943
-32.647972,-21.6605
-4.4348254,33.18082
34.62046,51.956436
17.986738,-32.628513
10.335187,-16.284033
-10.4889965,41.172577
-45.465824,49.58151
-24.450632,63.484867
33.203163,4.7920823
-13.935695,-62.549015
-44.272923,29.414865
63.060017,0.663058
57.141075,12.121233
58.57659,9.016825
33.411835,38.211685
-41.220924,46.23112
-47.30618,15.502774
37.3657,44.331364
22.39615,33.944515
53.35741,5.0264025
48.23869,-11.461834
76.96303,-21.57141
-33.368618,63.83635
-71.77115,-0.38647425
15.302104,-17.59457
14.960289,-13.910887
-5.998832,38.753174
50.857193,-2.2974906
12.72173,-12.663545
-74.03534,-0.8611824
26.872559,37.474922
-74.41037,1.6159315
-0.18017146,41.038605
41.55075,-11.189343
22.314049,-28.859558
40.008575,-3.9711356
26.163404,-61.003307
35.508694,56.621803
75.49719,-10.6559305
-6.918623,44.31241
56.320396,12.628765
41.53407,-8.177933
-36.895073,-16.874495
35.83238,-64.923035
-11.399366,-67.618546
32.442898,-15.307321
34.97459,-22.439964
16.582802,-11.590771
31.30803,44.39635
-8.490657,1.8401346
-42.659115,31.255964
-78.926956,-0.087211825
57.85646,12.312079
-45.58987,12.531517
-9.32143,-50.956444
75.19563,-13.400258
-78.83456,-4.906394
-32.94661,62.81472
-0.75241905,11.602207
-34.38654,67.697586
-47.115532,50.788593
-27.307495,63.415287
19.388248,-29.570034
-31.127634,-19.409323
-45.495014,13.104401
31.121511,-25.232092
-43.229027,52.53834
-64.37958,-3.505842
76.30717,-17.454405
-38.961105,30.66672
22.885122,-10.186914
32.38082,28.633419
54.39353,4.7555656
5.7744617,17.11079
26.032421,-15.194212
-45.42625,-30.068483
-50.926838,15.69435
23.030813,26.131218
-54.878887,-26.44727
78.85136,-17.938036
-28.587818,69.94369
49.53249,-4.4252424
53.377216,13.479379
-49.154118,46.555744
33.63068,-18.082672
-44.47303,50.805588
-9.322415,3.8670163
-12.516396,37.12795
-21.824516,-16.424143
8.512014,-9.491563
-42.528694,-20.291847
30.923727,29.848402
0.671539,-44.921806
-54.44116,44.418934
-66.186424,-31.381496
32.093678,47.39439
-62.8786,-36.132538
2.3488324,41.806473
74.513054,-10.323599
77.351585,-4.6814027
-48.984318,-33.55729
35.850353,-22.870382
31.424135,-26.401018
-37.304943,49.416218
42.096493,-56.341984
-36.40308,53.589626
-74.939674,-2.402294
-16.088346,-10.162158
-57.379745,-29.887285
-2.6110938,-49.31268
31.128838,-7.1146493
33.798466,44.687943
36.083145,-11.84848
-46.109142,10.127672
18.929255,23.705475
-5.7750854,44.53089
-34.348106,66.32035
25.227465,-59.95754
15.924757,-2.3721006
-42.24484,47.791294
-15.347887,-57.53894
37.800343,-23.23572
-43.013084,46.03983
38.57833,-13.640313
23.027786,-33.941444
59.963757,3.534756
25.590403,-60.65324
75.37882,-26.350456
-28.8365,63.34229
-47.642204,-24.752811
-37.284622,30.142426
39.12038,-25.86541
-58.964203,-26.896984
14.691418,-19.606754
-10.600514,-2.7785754
32.710518,-65.0005
39.152966,-5.766753
37.03191,-61.033253
28.186607,-12.729212
-37.776176,15.9874
25.203175,-5.9293137
34.6454,-13.742526
36.04747,52.483356
-33.56446,21.981283
72.38859,-23.04416
25.933187,-14.516864
28.090145,40.908695
-31.567625,-18.203463
20.919827,33.59899
-3.4828992,-49.839703
71.621475,-8.342687
36.315376,58.92258
-5.845412,34.925766
61.884888,9.439663
1.4118274,37.653763
-4.775822,12.985619
-6.0973706,46.008533
33.596287,-57.277195
-9.395188,-0.281712
-62.603107,-38.48815
-12.95864,38.062187
-12.729129,2.3084378
37.953545,64.36232
-5.4892483,13.881187
-76.954094,-7.1938033
27.717524,-17.196375
-1.1612847,-47.76856
22.100626,-23.264843
-65.545006,-30.44509
-32.43057,17.671452
36.165203,-19.211748
-3.633169,39.776398
-50.16917,31.864782
48.984562,0.8144606
51.4891,-2.6663282
3.1986735,42.792645
-46.010223,-27.744604
81.5768,-6.9593453
-1.2172117,-51.991814
-41.905014,-18.674417
-66.1061,-30.870417
39.741367,-61.20959
-39.225193,49.62566
-5.667289,36.841606
-47.454605,25.914635
13.048545,-11.499831
33.68151,62.71078
-7.144301,50.451527
1.5802922,-51.359047
-30.658081,67.642555
1.3917272,50.427563
-43.069885,50.577213
38.954647,41.610825
-61.582214,-28.235294
-62.852745,-34.029102
-61.05889,-30.402122
-51.793472,28.088995
22.736143,-71.83099
-35.27401,-26.200813
12.720538,17.598217
-37.20979,34.264133
-36.509384,63.709602
-71.894875,0.3361234
32.29887,-59.016552
55.871883,8.727813
-33.335266,24.83666
41.731228,-57.514603
-49.990704,27.984833
36.424156,41.882736
-46.46645,25.608906
-51.591217,53.621452
14.575193,20.727583
84.331696,-1.5699246
22.245539,27.693594
2.6230795,50.240707
39.793156,58.806305
-46.60274,34.55707
-43.57883,-23.408125
-5.245635,-51.305946
17.586365,17.073328
54.16666,13.976057
-12.444869,-55.597454
-43.965286,10.049204
-12.6946745,-5.3297753
-49.323223,17.515215
-43.33895,46.779
34.839325,35.89241
23.88995,-27.165943
83.4916,-4.7687874
37.535122,-16.352926
-30.796776,-15.999111
0.68224555,46.798027
-35.803375,27.905056
-51.47232,16.322878
-43.503296,49.33184
-49.77656,17.520725
-42.000435,27.740635
39.128464,43.97435
29.337606,-12.170586
28.820604,-8.29663
40.365074,-22.80722
27.391075,53.880215
-5.3776093,35.637135
43.42454,-63.391266
-7.700805,52.402885
19.45823,-32.421093
1.2617493,48.674103
-28.328226,-19.838293
-43.516544,12.322597
53.208168,11.764151
-56.4389,-25.14579
-46.730236,18.117342
49.40848,-9.005327
19.284996,-17.95287
-33.35967,-24.44381
11.92188,23.886412
-35.31738,19.723804
35.07451,-61.200848
25.52474,-36.131348
70.34482,-22.886343
-63.304157,-33.526356
-23.889164,65.10842
31.87985,40.836975
25.06483,45.584778
-47.328026,18.505007
-35.51884,-24.57456
-1.4037449,41.707886
-41.16517,50.620358
30.576857,50.45057
-31.530703,67.22243
-50.134487,-34.797447
22.855679,-31.60572
-10.022286,-1.7207252
-34.969196,53.289562
-44.980644,48.51047
80.3183,-6.001204
35.153324,62.596897
-3.8326137,-51.38424
-27.13231,67.96063
-37.219456,34.001663
-3.7115512,12.647498
-43.91803,-22.575455
-8.559937,-59.31659
-17.884073,-5.89846
-45.900307,11.108726
-28.998737,-17.899317
52.108864,-0.3865512
15.762519,19.976252
23.976067,35.835274
-82.19745,-0.37789226
53.171074,13.234977
35.917408,-57.476566
-45.43634,50.631096
-7.94868,0.086827464
21.613352,-27.184076
-14.905408,-67.24623
-41.224155,40.496094
-2.69479,-49.374577
-36.736023,63.350315
22.631123,-24.924425
-37.25301,-26.436224
-30.23501,68.69944
-61.220844,-26.833853
-76.37434,0.4944208
-28.44078,64.59529
36.805893,-56.822056
-78.324326,-4.301982
-27.100279,68.173805
77.40198,-10.393208
33.507088,-18.039858
21.902233,33.09175
1.7766122,11.022537
-31.711422,23.413439
38.104836,-65.541084
-58.21547,-25.729088
27.488955,-18.363047
35.72707,50.797646
45.887363,-3.124228
25.837822,33.16444
25.465805,-68.84066
-42.204155,-21.049349
2.9713774,39.88777
43.37001,45.818916
-71.9901,-5.933351
-37.818905,44.659374
-63.643936,-34.114048
-14.913384,-16.005575
27.477865,46.827644
-56.97764,-33.388577
37.677265,63.112797
5.676596,50.15526
-36.014103,-19.47316
79.48118,-11.180559
44.069027,-17.314665
-31.105608,60.940495
58.36012,12.295158
-5.2908382,15.302079
43.219975,-11.974316
-44.6117,34.527042
-0.371693,-49.800972
-61.486496,-32.34864
-51.77262,-25.207747
32.551117,38.25865
-24.569084,63.097794
25.886942,-60.85507
39.137497,41.840916
30.851255,36.397144
40.564594,34.809155
-36.803604,-22.305164
25.93817,-66.67477
-73.16057,-4.269417
26.889727,44.016483
-4.035668,36.128246
-62.8914,-35.449547
-44.859585,-26.248238
86.974556,-2.848087
14.770756,-15.609581
16.050058,-19.38597
26.387373,37.155804
22.366135,26.025799
3.5225306,50.093655
-54.406258,45.959454
20.598173,-32.883522
27.954086,41.867878
-1.8142664,-50.317562
-11.084283,37.05991
-45.67638,30.152498
26.716738,-15.583826
-42.72773,49.437256
31.324951,42.812897
34.098736,51.770115
60.294765,12.080923
-38.63423,-22.809832
2.220407,43.46972
38.751556,-5.745385
6.6841106,-8.907222
-26.07693,65.56824
35.514633,-63.486332
-12.501854,38.665337
20.698156,-29.488562
-51.408318,33.728783
42.66381,-63.64272
32.631077,32.419754
17.606134,-5.4772153
-62.255005,-24.868996
17.503689,17.098404
-6.856636,54.28848
49.408012,-9.869377
37.816513,59.21259
17.402084,-8.620115
36.61179,47.125286
58.49534,8.138968
34.67773,-60.58933
-45.77663,27.240139
-38.98443,11.107675
-48.5164,21.304861
19.590796,-6.949599
-38.59715,-26.53003
36.57544,65.25304
16.724459,-22.52341
-41.186012,14.465273
22.37678,-6.3084927
-18.660803,-11.564263
-30.098055,-16.474157
-53.671165,46.342953
23.715036,30.746666
-40.10839,-21.213217
-9.657159,39.5459
20.936222,-7.2658067
-40.04973,42.389214
-0.97244453,-47.940002
15.381582,-12.928763
30.225693,39.251884
-0.43665,37.294872
-0.12249636,-49.888767
76.48278,-18.636177
-77.60517,3.6693819
-61.243717,-21.628595
-50.347847,-21.658606
-6.1988115,42.08851
25.886637,-12.475092
-72.975784,-4.3634715
-49.723335,53.965412
81.53871,-5.082325
-37.52985,53.331398
-6.545327,-56.934914
-44.289543,16.578
31.83671,42.63005
-63.34575,-18.74391
78.17409,-8.759031
40.914608,-9.208766
-50.075626,19.477861
27.842163,53.278767
-6.68594,-56.648777
-40.75544,41.422592
36.744728,-20.35949
-8.288966,-58.34301
-75.63018,-5.6590996
51.850887,-0.27959177
21.819223,-10.695451
50.5954,-6.470752
-62.869297,-24.179283
-78.21747,-5.851539
72.52592,-6.7683315
-43.495403,36.013905
-13.603184,-68.39619
37.218777,65.5331
35.313732,44.890766
11.49236,-9.790821
36.457508,-20.901043
-8.6615305,-58.345043
-25.10117,68.106155
36.347046,46.7772
39.58991,34.684147
-41.448166,-30.160666
32.341343,28.608402
31.163286,52.07243
23.589222,-32.54253
-46.91827,10.683815
21.407969,-27.165426
-7.8350244,-57.723103
-50.79596,52.66567
-23.86955,-16.381193
32.464577,61.496006
-0.23176357,-54.345146
-28.945915,64.45755
28.864925,-4.899407
55.613422,7.9001703
17.810644,-14.570667
-71.299385,-2.7816968
4.465331,49.883804
-8.018614,14.026571
36.378166,61.81376
48.18897,-3.7183518
-49.23098,26.738428
-48.075264,32.27018
-50.70595,-20.086088
16.45235,-18.010956
0.72361505,52.309185
22.50825,29.939775
-45.715237,50.840416
20.910192,-22.615646
-7.1574073,-59.309822
43.113438,-63.292744
79.00023,-9.704093
30.29062,52.554432
5.794017,48.493793
82.1171,-8.686416
-46.38421,-27.229027
-43.674126,14.49526
32.289585,43.32788
-20.30425,-12.877278
-37.57085,37.360348
14.087855,-12.917271
81.66858,-0.9654962
-44.7775,-25.555075
55.19348,5.458144
-14.055241,-3.828868
-5.990797,8.868874
-27.368814,59.823093
-15.310099,-5.19629
-12.3452425,-0.7100713
20.267916,29.8596
-7.862826,14.520687
36.323566,-17.363993
38.71039,-20.228653
-59.2667,-28.304926
49.34092,-7.7347775
43.48491,-11.3278675
-48.443523,-32.028625
70.070816,-8.2170315
-3.6997507,12.7443
-43.36017,38.191498
-79.415764,-1.1756103
0.81079245,46.459705
79.51071,-17.668818
35.349857,47.352165
-48.435417,27.278385
28.016068,-69.11337
38.061977,48.24419
55.70064,8.2739935
-11.822492,-7.2151284
6.320783,-12.348477
-55.82493,-24.228931
-7.3974237,44.550137
-10.406513,-8.023669
73.29108,-22.35474
-5.213031,15.030024
8.195664,15.574703
-41.956593,38.893116
34.5514,45.043453
36.16168,65.07283
-48.646477,-20.526787
-69.08867,-3.3496249
12.784423,-12.604249
-12.5102625,-9.327364
-23.82794,-17.249874
10.767067,-15.094731
25.783287,47.3251
82.562645,-8.612194
-46.556396,-28.024923
45.090916,-10.582799
32.77989,-57.112404
-3.7648857,39.758644
37.311676,51.3833
33.76356,-8.174078
-1.4903731,9.629421
70.94765,-3.465028
85.82099,-5.530587
-21.12411,-12.106832
59.000816,12.527165
79.02164,-10.251481
9.558954,-14.7722
-10.632497,40.979492
40.697723,49.145386
-44.075787,9.603425
-82.67207,-1.9266195
30.753944,62.422676
-6.0996346,39.0459
70.72864,-3.000146
75.94424,-24.95619
-43.178616,43.959503
-32.717133,-21.611206
-40.193703,11.165467
33.406113,63.871075
-58.16756,-23.834059
79.14856,-19.657545
49.47657,-4.157579
36.52604,-14.446175
-83.97137,-1.2516714
31.712835,-3.4100838
-45.587547,18.012646
-44.054855,43.964466
-35.7183,55.925274
-5.8532615,-57.731987
33.67141,-56.177673
-33.295074,65.12556
35.14389,-63.749428
-38.771427,43.405216
-61.439762,-21.888264
37.091434,-61.34049
31.277388,-63.24473
27.463213,-19.952803
71.43336,-22.827848
-55.10242,-29.103357
-0.8656242,-43.2096
22.667677,29.406755
11.914696,24.65309
61.574375,9.888405
-77.557556,-6.389515
13.563564,-6.776729
40.221714,-25.201761
-20.700274,-12.752988
-44.39741,-25.388666
27.878683,-33.030804
-45.304386,-25.108446
53.330475,-1.134919
33.962414,-25.76679
26.00477,-27.829792
-50.10145,-23.983166
-15.879673,-60.005814
-24.756945,68.21546
-46.327618,35.095695
-74.142204,0.5708188
-56.75384,-34.354885
26.826477,-61.71913
-44.328197,47.82542
-14.062437,-55.731518
23.635641,24.303223
-52.256165,29.397621
73.19047,-12.298065
24.154144,29.056654
31.484043,62.291412
-47.740444,53.32025
31.011189,34.28176
26.294668,-63.548264
26.059845,-18.94006
24.268639,-13.425943
38.20611,-18.976002
23.982162,-13.4701185
-48.29622,33.135986
24.06528,-10.021448
-6.722936,7.9483275
-43.429146,51.912716
-23.161308,-15.728803
18.030758,-16.621426
-38.10018,47.90426
-5.5643516,-52.445595
-44.445652,27.475716
59.788097,11.9542465
27.009106,42.435524
7.771731,-9.046793
-7.8272233,49.16078
11.691561,24.031172
-79.14637,0.5081092
49.03388,-8.063613
-17.25306,-0.3865741
14.521333,-13.775179
-42.83636,-21.569994
19.035433,-25.716873
50.619705,1.0312734
42.713406,-59.286526
12.694015,-16.401892
16.653511,-15.109936
-46.960594,15.368871
26.198875,48.9395
-59.662945,-29.272774
-10.073286,17.645618
31.587954,59.959347
-73.335815,-1.2515101
-44.04133,46.62124
-15.224741,-6.7649117
-6.0016036,35.641808
41.63869,-12.095103
-8.2331505,-2.810365
-42.95708,38.78364
26.365196,-28.050922
12.644656,24.756828
76.17144,-14.945928
-52.455105,50.263878
-7.577592,4.536064
-60.803158,-39.51176
8.856279,15.9127655
38.73138,52.111736
51.59391,13.790069
29.550566,-7.5603075
50.612156,-4.32928
-37.086025,-16.812641
24.914223,33.891045
37.862083,32.563633
-3.6826932,9.91623
-76.94473,-1.1555972
70.58216,-24.91848
75.579475,-11.124905
-45.576504,-24.806257
-18.234468,-60.649456
25.923985,-26.854357
-48.932003,12.43352
24.7621,-26.511538
-5.705322,36.191048
17.955227,19.78224
-40.84016,-22.488266
18.625254,-15.446087
-13.753567,-8.555049
69.90917,-27.19371
57.70084,8.020295
-12.2276535,-61.02362
-38.603935,46.83971
27.463873,39.003204
-43.78125,40.8811
-39.453686,-17.948687
-18.183308,-12.73388
-14.077806,-67.10344
-23.994387,-16.815552
-17.057602,-1.340882
-64.15766,-36.021065
81.69745,-0.6582395
37.529404,-54.659298
37.461163,-25.35086
20.87985,-24.842337
84.618225,-2.5523012
-8.400211,14.577146
34.99795,44.815536
-27.632824,-13.03487
-17.534058,-5.6144176
-8.037475,48.370697
-6.333964,5.6489882
37.43879,-19.486187
22.148079,-28.316902
20.833237,-15.087659
-10.28288,-61.485893
-39.8863,45.800514
-15.418838,-69.67665
36.51789,-64.067154
-15.786216,-66.23938
37.109573,53.397415
33.30097,56.498577
-51.974945,30.171923
18.032549,-5.788941
-58.46643,-27.452131
39.288506,-63.647892
-51.922684,-28.501463
-19.043846,-6.9159966
-47.91915,-30.59332
30.717524,-6.4475985
-73.11989,-7.2607327
37.296238,43.571358
31.579327,50.485004
10.726024,-21.281816
41.218098,34.60314
-47.21938,12.178458
-46.954086,49.260876
56.05306,13.402373
-37.72538,50.055283
33.324673,64.25666
85.965904,-5.5901628
76.32079,-6.605462
-6.9765496,6.8904295
-8.139914,-52.049427
39.87829,-56.587006
25.766142,-30.221912
0.10334298,39.54316
-16.530619,-4.6941595
22.04503,30.202824
27.240854,-15.062655
37.716644,43.845703
75.54275,-7.0405393
11.846935,-22.515127
-44.069378,44.491455
-16.825966,-8.825473
-37.231026,-17.012274
51.93618,0.095814764
-2.2656841,-48.45391
-49.862286,13.556324
49.453735,5.5564466
-77.98544,-5.7161813
-10.15211,-58.19687
43.31376,60.37211
-60.512554,-26.573784
22.125706,-27.475826
-12.903565,-6.01506
-8.141667,0.2132697
16.776308,-12.663854
29.01733,-66.2
52.275356,13.474062
20.706413,-12.409792
72.16338,-14.197692
48.104816,-9.970681
-58.329887,-30.58622
-11.886664,-8.842607
14.800524,27.357134
-80.10385,-1.7458376
-10.461479,19.01231
28.694185,55.109467
36.350758,-62.49022
56.584534,6.7886953
73.09501,-13.496891
75.51615,-20.706528
34.29004,43.28568
26.045675,27.235144
22.586142,26.954184
18.323662,-13.44247
71.03827,-28.500208
-34.9718,56.9195
22.833103,-16.33729
-22.602852,-14.258476
-74.45559,-5.610927
-29.2497,-13.7467165
-20.201626,-59.876705
-75.569824,-1.3939474
-38.15304,43.944534
-24.984344,65.28147
26.404413,-61.457832
-53.57835,16.532892
33.279465,45.769814
43.336567,60.524567
-55.387657,-31.182083
-27.83251,-17.040733
8.086091,-9.190031
-47.906635,46.370457
-62.985867,-18.557835
33.596203,66.10149
-75.550674,-2.0796466
38.95762,-24.374786
-43.68912,-23.81014
51.765312,-4.0094056
-62.462444,-33.080196
50.142113,-11.05596
-10.905331,38.44914
76.27822,-17.873602
22.668436,-13.978136
-32.12069,24.083506
-46.217056,-22.024559
-39.86165,50.105316
-22.759861,-11.069824
37.01811,64.46006
30.879702,-13.033388
-43.708534,27.248198
-33.644413,57.959385
24.14863,-30.413626
-44.16707,10.883848
-50.190117,45.60521
-3.3398423,38.547726
16.89656,19.915968
30.740852,39.732517
-49.37395,30.581694
-51.834133,14.804826
-46.255245,45.727177
40.59628,-22.335438
-49.062943,-33.26247
-43.890602,47.861908
28.642765,54.622066
-15.67902,-2.4911954
17.796883,23.530844
-8.623068,14.856567
58.67994,8.114572
-14.973743,-64.74067
-43.902294,14.249306
36.42654,-61.238873
18.176922,-5.812188
23.986021,37.88156
-48.69149,42.397522
30.680883,38.96636
-30.893547,62.685577
15.612712,19.18664
33.679474,50.70353
36.95118,49.225517
24.976206,-67.2396
-45.967846,18.112116
26.80429,-65.13742
53.821198,12.565421
-8.092666,2.6116853
79.82994,-11.234245
16.227272,-13.317914
-56.67682,-31.824614
85.25173,-5.370664
33.515934,-57.32971
-41.642673,44.701633
-22.297117,-64.37822
-42.203632,12.530116
-46.592587,23.58818
38.85993,-54.559143
47.68146,0.9414437
-11.278935,-63.216633
37.762554,-24.829386
16.73334,20.086784
-6.91313,49.57057
-60.60763,-34.316082
19.983713,23.040348
-46.20263,46.99915
-32.81832,-4.047285
37.425564,-5.3886623
32.450634,-12.502365
-44.44296,31.29913
53.37837,13.604227
-39.000175,-13.537136
-33.82322,68.60186
-49.353577,53.573986
-48.73539,11.672621
38.27233,65.93034
-8.529927,11.539734
-78.564804,-6.651005
78.44329,-13.449161
84.58875,-3.356552
-19.213396,-10.914412
-33.32908,58.03111
-3.434008,33.537277
-34.70248,66.44158
27.481855,53.285698
30.090425,-13.89032
-48.957874,-23.950691
30.650082,-21.61398
45.923195,-3.1173139
70.351105,-28.19579
-12.465545,-62.066917
42.00322,-62.050907
1.813253,10.692166
32.42308,44.79695
-41.352695,42.58659
28.765747,50.852474
-42.957314,9.630585
-10.735675,41.00172
-61.084675,-22.758924
-6.0828757,45.492588
25.825981,32.45454
7.4331284,-12.81198
34.153076,-21.588608
-38.048576,12.517611
36.113907,45.656734
-35.072475,49.93844
17.467632,-5.0696177
76.2889,-11.10717
-18.69181,-10.807229
-46.50135,31.318487
25.826077,-11.232594
-10.4544115,-3.9664662
73.73144,-9.674451
-52.510967,44.33466
49.435104,-10.127787
17.967134,32.030262
85.16507,-5.4074936
-32.837135,22.74866
-41.08056,-21.93523
7.4370613,17.605112
-24.156034,-15.742942
-6.870979,9.848184
52.645344,-3.2784574
-57.232365,-27.658175
57.59608,7.2549653
-30.504494,62.81763
-9.082159,9.825325
82.03076,-5.8617864
-73.05101,-5.242038
6.2425303,13.601653
-9.740158,-59.528618
6.806576,15.996753
71.40241,-27.66966
-52.269043,45.575603
-4.307483,-57.022385
-27.878447,-13.924654
26.061272,-61.56526
50.79251,2.7854009
27.900543,-64.077126
78.28734,-24.802614
-13.824532,-6.770138
-44.431202,37.16002
-3.2600842,13.032292
18.394901,-32.024994
25.568367,-61.14908
-47.147793,39.81542
-36.09181,53.10799
18.469181,22.102755
29.126692,-23.15078
22.431974,-6.1853533
-38.92486,-13.517135
41.319263,-58.953228
13.037529,-8.997884
18.195541,-17.895086
-44.07839,-25.114044
13.060728,-14.624602
-46.390495,14.3278475
-5.9710283,38.67207
41.57626,34.094044
37.353172,-11.351627
-58.39383,-33.563396
76.231155,-12.218531
-72.25574,-4.6106577
-48.931347,44.94871
-64.68735,-35.501995
83.64657,-4.3297267
38.86525,43.70837
12.379967,-9.957403
-32.240475,18.898016
37.10489,-9.18654
51.402004,-6.646489
5.419434,-9.495685
-6.6719856,6.7825127
-37.124306,-23.29505
-49.51671,26.300726
-42.079018,46.725098
-1.4114326,-48.03992
2.5112958,10.148444
26.031012,-1.3316693
-5.1662664,43.08238
-58.753433,-33.590508
61.09752,8.869898
-41.94069,-17.597084
-21.58047,-63.87366
38.78885,-63.5952
9.847724,18.011583
-7.8161974,50.998466
21.337648,-3.9540122
28.897512,34.977997
18.521875,20.046232
-76.790016,0.5122718
-11.131942,-56.39308
-41.118484,26.150967
-51.45793,51.355457
-17.914587,-52.798264
-16.17983,-67.35187
52.130974,-3.1178024
-44.311424,37.197273
56.66238,12.182664
37.283813,-53.949127
14.838535,-9.64237
-43.70133,45.50103
-1.390711,40.451084
-47.054935,52.14343
21.495817,-73.27257
33.79864,45.719555
34.770832,-26.093271
-34.196865,17.0113
49.93099,-9.690188
-5.0775666,32.467373
-37.2568,-26.673449
-61.92683,-23.375229
-57.74667,-34.53837
33.111156,31.722385
25.26819,-31.072168
-17.566978,-65.9447
-50.793545,-23.027794
21.220959,28.491014
34.25102,-7.4110923
17.705528,32.338165
24.920864,-23.58067
4.73321,-3.9475963
-6.0075583,-63.077736
32.937107,-65.07796
-21.381378,-12.829567
-6.5884147,47.39354
-14.744827,-69.06224
-6.9222636,38.87665
2.099842,43.262714
-33.89173,63.927048
-44.807945,39.49096
-14.742748,-63.143604
22.364914,33.75384
-49.185207,-26.301456
36.77744,-22.208048
-8.580002,48.05449
-13.038459,-67.11924
39.56908,-11.827658
79.86428,-7.315265
31.999842,-62.115585
-72.917885,-5.349739
-47.36682,13.220906
-31.837845,23.893616
33.284042,-21.952568
-62.73144,-28.52227
-35.883465,-23.012512
4.600596,-2.3718245
81.63953,-3.1024985
22.088335,31.521378
79.16861,-10.116748
-34.757008,-17.858385
-43.764988,40.520668
1.0839056,52.296932
37.566418,-55.803528
-50.098896,-22.003187
24.544575,18.154575
-6.8558154,6.906165
38.87334,-58.69859
33.20185,34.075516
-47.39497,24.528229
-8.505046,46.867664
28.400888,-16.657597
-10.222027,1.3538829
59.820797,10.339588
-51.379787,20.98905
62.09826,0.08715799
35.171112,-54.195698
-20.064419,-11.003699
4.233054,40.012028
-42.534286,17.670866
39.285946,-10.687594
19.386717,-32.05914
26.935751,-60.209133
39.488277,44.857613
-72.95956,-2.2546
25.9539,-68.82441
81.828354,-5.6827693
52.393696,3.1309264
46.42088,-3.0860436
-13.976033,-4.911936
25.650076,-69.23973
33.05894,59.66447
-24.181221,-9.991401
-19.841063,-65.289314
-8.478649,-62.010952
37.36538,44.116383
37.407467,-57.77239
11.621286,17.627184
38.325954,67.14617
49.002926,-9.093036
-10.067408,-7.7468863
78.17341,-20.088682
20.056837,-18.072939
87.76304,-3.8055816
33.496483,-56.33581
50.90872,-1.6785595
-42.098038,46.94551
55.525726,13.758063
-7.1249375,1.1528802
54.65565,13.216413
16.689352,-13.382738
-47.145073,24.669909
-48.12483,44.131584
27.52871,33.115803
26.693148,29.90262
-53.816616,17.708002
28.713184,-17.64287
75.4178,-18.36823
-23.33955,-8.700916
-9.366195,41.23105
38.22412,43.8768
-26.496525,-14.276278
-50.59183,52.253536
-0.46627215,-46.63287
-47.38424,35.5897
5.1085057,13.58426
-53.75624,-26.796698
0.14700028,51.59448
31.83341,60.925297
78.271614,-21.441847
43.29249,60.48321
-5.8484936,-57.132828
-43.989033,7.0274577
-14.50062,-67.7516
-49.408108,34.39866
74.51101,-16.84942
-16.32453,-1.0629815
74.3427,-23.204681
-75.1849,-5.7644715
30.010033,-5.7892013
-42.191395,32.909435
-38.483883,43.600605
-42.06083,-29.397139
21.513988,27.06459
36.28509,48.17907
-32.355618,17.690275
16.5856,-17.80522
74.61107,-10.798202
7.7354198,14.124962
36.53729,-17.304296
74.74637,-12.829995
19.059103,24.448223
-7.164345,49.537727
19.475805,-7.8170815
-21.141037,-64.314995
-11.809733,-52.968113
-49.16901,41.34426
22.891148,-26.345383
-70.59217,-1.3490705
32.467335,61.565437
21.751846,-8.543998
-42.279655,-28.335705
-44.923244,9.609351
-8.243107,-55.410496
52.176044,-1.8601732
-4.999212,47.327686
-13.29372,-5.790832
-8.272043,19.406178
19.81838,31.955793
73.91428,-9.6932
-36.16815,18.414263
-12.295338,-4.0749426
19.015696,-30.151964
-45.267582,26.764702
21.997297,-73.23245
-14.671724,-58.081387
5.395024,-9.385306
26.475292,47.19284
-7.085814,3.70856
-51.020523,38.785603
17.05371,-8.939885
-26.13366,-18.203407
69.16444,-13.467348
24.2471,28.097546
21.653399,29.524633
-9.33686,-59.845936
-48.92332,50.177643
-37.350826,-18.27459
31.43389,30.133387
-12.881351,-53.059486
16.263163,-19.443663
-21.71302,-14.571152
22.851364,23.463089
-45.867176,18.16776
-43.26322,-27.770136
29.738665,-25.737572
20.098116,-16.388975
1.7079751,13.423584
28.148191,25.194542
10.878775,-21.562046
27.566887,46.366158
39.287025,41.930458
27.18801,34.709637
38.26023,-65.46317
-33.81227,64.09744
87.719894,-3.7859101
39.948788,-17.06915
-45.030354,10.762917
78.04795,-17.972303
36.620434,43.898952
-51.366573,19.42483
-4.705939,40.40233
18.059063,31.551613
62.619267,0.4782587
32.96976,-56.94383
60.18258,11.790866
-42.346443,12.294492
-35.20205,-24.577894
-52.290474,48.639896
-52.898148,-30.086136
-17.264746,-5.51962
0.91416645,47.86061
-58.56211,-23.147097
12.64239,21.65426
43.728016,-61.918243
-36.193974,56.718445
71.24019,-24.352398
37.945732,39.87109
24.345165,-33.001198
18.797506,33.037476
-12.977449,37.54659
38.201645,67.40126
-42.380386,21.906908
-29.704058,62.049026
-29.567749,-24.38665
-4.8748517,-51.82832
31.419558,36.951595
-6.2082815,21.800564
15.154596,15.78082
-0.09917431,10.9380865
9.085121,15.929301
-6.8398967,14.821978
-46.263016,46.91008
28.726255,-13.998703
22.32244,-72.18626
-10.460191,-55.99768
41.719883,-60.071556
57.905727,7.1795626
21.048834,-13.812904
-46.386078,-26.039179
37.611675,47.106285
31.48724,59.77953
-12.874062,36.45732
50.81403,-9.160487
1.1064408,52.440884
-29.217863,57.573757
-77.11371,-0.10726609
19.277647,-5.3510528
28.224174,-66.387024
52.646347,-2.197761
-2.5990243,34.835026
-5.5854015,-56.343163
20.325447,-30.725681
44.669365,-12.268616
40.17603,-57.620445
35.020565,-14.489949
18.205563,-10.25513
72.294945,-29.077135
27.075125,27.551216
-11.241821,-52.62578
-22.452072,-14.59711
35.394722,-65.304726
-41.891766,-19.144978
25.889414,-65.90455
34.497726,-64.892624
39.47236,-56.36272
31.243187,-3.128172
32.424137,-26.209877
-28.593803,-19.48528
-67.79551,2.5854366
50.72341,-2.4777606
-13.086846,-67.61714
70.490295,-28.03734
28.726282,53.61498
-5.8811913,-53.30379
-17.598646,-1.8965968
-13.236724,-61.922825
-49.538456,29.84653
-9.677099,36.20688
79.16217,-9.239353
-62.35518,-23.280869
-29.709028,-24.70823
74.995804,-9.185166
-6.9009438,4.9544735
25.26925,-35.783733
25.029564,-27.311192
-50.858864,13.425178
-47.779087,-28.705372
-52.364727,48.64628
-14.046864,-63.75328
71.27086,-27.843815
-48.7572,14.751842
52.90243,-2.0450547
23.152601,33.338528
37.664536,32.398335
12.332169,-22.941666
54.259647,12.928794
-5.1325235,-58.066925
-47.665356,12.900341
25.81178,-35.562206
-50.629097,15.376144
1.6743419,11.273604
-46.965263,19.333754
-40.388954,46.946095
39.759205,-56.848618
33.73839,28.597578
31.581242,59.7453
-46.911434,-22.419983
-8.907853,15.967489
-0.51730806,-49.664463
49.914307,-9.676799
-5.305123,46.91412
-49.462387,-24.607893
-8.873115,-57.823505
-54.444202,44.335342
-44.36706,25.990995
-19.828264,-12.049962
-27.716646,66.55889
-55.659275,-27.404621
10.873081,-10.087466
79.98816,-6.231072
3.768249,48.926838
23.403587,31.266521
-63.491276,-35.71318
-8.377203,-55.92132
41.651615,-22.119951
-46.034904,24.848015
26.029396,34.939034
-31.85418,61.53882
-46.098377,-32.28372
-1.5117687,-54.241978
13.364916,-10.032392
39.303844,32.66081
73.54423,-24.205423
-8.936011,-60.81843
-8.59377,-0.44361934
-22.612831,-16.128897
-6.140105,22.08963
28.86847,-32.164845
28.035461,33.559544
-10.631171,18.618038
21.647455,-34.79348
24.035908,-68.12813
-6.7300253,50.19075
15.120233,-12.730446
-50.777626,-29.012012
-49.20469,44.1323
-5.914894,10.131171
-17.501326,-12.672749
-37.036106,-24.846138
-7.7617254,14.523751
-24.315975,-19.042177
33.443695,45.326035
-50.714306,27.985617
51.47697,-7.1088395
-51.444714,27.567308
10.417547,-10.721163
-11.540226,2.236893
-40.73817,31.647633
34.520805,-23.85785
37.978886,56.13993
33.038597,39.95149
-66.43905,-33.900894
83.04769,-5.4036593
-6.1885552,16.071465
-41.5551,38.995583
-77.290764,3.375536
-67.380905,-9.779089
-34.198906,20.35872
-50.96533,-20.566797
-44.247154,33.52123
74.07058,-7.1710186
36.265156,40.21709
43.61942,-23.059155
-27.214966,68.78669
74.646484,-26.619364
-6.5492024,41.841686
42.633003,-22.259241
-10.92558,15.508006
23.401089,-26.526217
-8.574637,15.156985
-59.619747,-34.988518
-29.371714,68.43024
-2.8694885,36.076633
-49.909733,19.412703
5.8704133,48.398922
-28.994213,-27.146769
50.01166,-6.875824
-30.527317,66.84002
19.478653,-19.330336
-8.651825,-50.812798
-6.193778,4.995211
-38.831535,-25.728088
-9.943515,-54.463814
28.22564,33.977108
-6.346349,-52.214035
28.329811,-7.099521
27.85927,-26.533087
-29.450714,23.050058
-77.39115,-0.38003483
-10.865251,37.38504
-19.714264,-65.714325
-55.146786,-25.327232
-42.636173,-26.353258
-29.544989,69.49115
-40.810627,46.77407
-60.032104,-29.433939
-29.890972,62.57545
19.856733,26.29115
26.763788,48.542183
-51.170067,24.3518
-32.28667,19.378136
-29.023989,-14.822367
18.600052,30.627186
-52.998737,-28.111387
-10.583547,1.3565829
10.047473,15.143373
-28.853777,-27.205969
36.84175,39.87416
-5.097288,33.815994
-2.028312,41.77874
30.21159,29.988665
38.631134,50.204453
-50.02514,20.983274
11.98565,-22.669104
-10.654149,-63.19521
69.50688,-15.464609
59.311333,9.845428
37.54769,67.57402
-8.058523,-57.065384
27.8182,51.619476
39.90614,34.714794
74.60735,-27.968563
18.305162,25.14706
44.442272,-11.26077
32.121662,-9.336009
20.662542,-13.940245
-42.314148,38.453724
16.740252,-22.587229
-4.6555576,33.274185
33.252434,-27.252518
29.063627,37.720665
-29.775345,71.36674
-44.182487,-30.972195
23.960941,34.106472
43.043377,50.972218
56.405037,7.665231
-42.80419,48.68606
-63.46098,-34.84054
78.08777,-24.190989
13.97349,19.268518
34.655506,-16.118435
-77.44304,3.3908167
34.17231,59.066032
-46.457874,43.674232
26.852976,-66.747154
5.2296777,49.70261
22.856503,-15.283676
75.78399,-26.953598
-22.571346,-9.575539
78.417755,-18.679035
10.83215,-13.278302
40.744205,-60.52827
-55.422623,-28.807045
-50.48864,53.39608
-6.2337995,-1.4152219
22.75941,-71.75434
-69.57969,-2.2289388
-46.51797,8.546708
33.449017,-24.912405
33.300007,42.419876
28.552856,51.657494
38.905025,63.58583
-29.991879,-20.218515
-14.754583,-64.38297
39.246628,-63.17444
-83.73168,-0.6520579
-33.931496,-23.5456
-25.02227,65.48396
53.117012,3.0218341
35.758293,41.18018
-22.122545,-64.83779
-45.731884,20.426592
71.33951,-8.022538
-43.977936,18.177977
-48.640667,10.670256
8.3756695,13.949502
56.161247,8.318874
28.087103,42.619656
-34.30094,68.51063
76.011894,-9.986667
38.907505,63.326126
-46.222637,-24.197376
-71.268364,-0.3853339
77.61244,-11.271763
70.87053,-22.408533
26.356749,-64.78056
-43.282883,26.663406
37.85961,-11.561772
-31.501934,-26.372292
39.024628,40.697994
68.43399,-13.844145
37.204258,-10.21214
73.21189,-12.606316
20.459402,-33.78594
-51.937656,44.650455
-39.2343,-23.165678
-36.40871,28.386189
-0.2881041,47.487007
36.29576,-24.112026
-31.066381,-23.586222
-43.124496,38.993298
-20.249153,-59.964333
18.947792,24.618572
-32.23959,24.029442
32.75763,-2.2419927
59.88251,8.089755
-55.61695,-25.479862
-39.00061,-27.163742
23.677027,-63.219936
20.534761,-32.72927
-44.86761,49.929115
-41.512505,-19.009409
42.36779,45.617252
-11.545763,-1.7338678
-78.16744,-0.1287136
-50.018948,52.35768
-59.651268,-39.11163
18.433626,-31.14492
32.225983,28.123743
42.218483,46.7644
17.122324,16.939726
-6.158894,3.8266938
-62.195187,-32.807747
-63.3609,-37.88573
25.397322,51.297443
-43.3112,49.785545
11.088564,17.181278
-22.579487,63.904022
22.280626,-73.15867
-50.81394,21.175457
-25.656868,62.7324
-5.669844,-52.505844
-7.0434756,40.518196
-5.612389,-55.423306
79.96399,-17.55418
11.682838,17.617113
-58.423744,-35.515984
-24.843132,65.21074
39.163338,47.40291
-5.3017826,-51.54696
18.718594,37.743786
17.642859,-19.200676
23.107662,24.013208
38.640408,-5.061067
1.501156,51.74314
18.574638,22.993177
34.86943,66.17497
33.343475,46.17314
-56.28056,-23.519587
43.062225,45.660896
34.22343,35.932915
-41.932785,32.12195
-12.316032,-8.038539
85.14447,-2.3205552
71.306465,-22.829443
-20.457962,-10.403632
-38.66061,22.634693
-44.461994,38.426018
-8.736354,16.875118
-28.490767,-18.26449
10.079984,-15.76363
-16.210236,-3.5791569
14.185306,-15.42548
75.07794,-9.563911
85.522446,-2.8468263
3.0493567,40.520397
-63.061977,-36.674965
-50.29413,-26.641975
10.857214,17.582848
-12.043111,-5.0439496
-40.465424,47.985016
-2.184452,-47.68882
31.264402,-23.006979
-9.529614,-60.542934
33.481045,-57.372253
-54.4096,45.81923
36.411076,-20.486504
-69.348816,-6.4476075
76.42029,-20.348091
-42.29128,13.014969
-32.698616,24.35627
-13.037389,37.270706
85.53846,-3.2299514
31.204866,47.28174
-16.741713,-2.5580075
34.402355,43.92273
31.91433,-9.941594
-19.80962,-63.54929
19.624437,-16.768715
40.2852,-22.94497
-41.94068,12.993725
-61.29334,-27.073606
26.776295,39.090046
-10.607811,-4.249033
-20.747976,-10.8084345
32.62143,-25.982527
54.759876,3.711609
-27.338593,-19.089178
-36.327526,-28.817528
-37.57161,51.40148
32.935375,-56.44022
-6.10598,41.54369
38.82844,-12.688349
-40.991974,12.605676
-44.200417,46.98888
-9.903824,-4.998718
-4.1332135,37.585472
-8.028201,17.469353
12.823707,-10.201548
-38.638496,-20.821508
32.969044,-64.97769
-32.923172,58.411755
-29.450321,-19.443733
-59.05165,-39.77992
-39.810005,-24.120214
-46.159653,48.617786
-29.962402,69.48156
78.43091,-12.113365
-37.425266,-13.795722
35.565952,-8.134705
-46.237057,23.36069
42.569313,-57.078236
-73.63439,-4.9924455
-53.728363,-31.93966
-25.19072,66.069664
-47.054535,-26.317408
-7.462407,49.91634
53.37339,12.743657
-44.927563,23.697586
18.541477,-15.887514
-40.86149,-13.728805
37.58083,65.51393
30.397785,-13.147778
-46.899933,38.55914
32.83357,49.202488
36.37869,64.51093
42.948364,50.806896
42.556194,-10.367123
-31.453096,64.12402
-77.293076,-3.052667
48.655155,-11.412493
24.207567,-32.900455
60.15255,4.071553
16.796041,18.635519
43.469524,-61.513535
24.45015,34.07202
10.286539,-20.188032
37.03131,67.876045
31.359957,-31.582525
84.33795,-2.9972112
-82.032326,0.80574524
-49.394455,38.176926
-45.730755,37.450653
-5.1813297,37.412613
-75.25989,-6.3203406
43.33277,-13.136848
-15.22247,-11.314494
17.641617,-11.753881
22.790358,-13.760839
12.01804,23.655901
-21.278482,-15.035458
21.492966,-4.5540485
-6.4142237,44.94032
80.31616,-2.7691169
41.61597,-14.701521
-47.965916,30.713757
-2.920378,-48.81499
29.436623,54.71851
-16.066277,-1.3913178
-1.8781859,-46.236065
-66.420395,-34.965683
7.8435097,13.279904
21.362555,-26.41243
51.61319,1.6494882
29.54822,29.166077
34.122787,-9.439728
24.3822,27.342525
-32.065907,22.985863
35.838238,-26.581125
-48.56194,-31.487513
-71.52596,-5.4528427
-19.694248,-3.812672
67.695885,-13.264345
-38.486763,52.829693
-3.7761922,39.92589
27.737446,-7.1420536
-60.55529,-38.77163
1.8494627,11.86641
-78.45982,-8.529213
4.796686,-1.7529426
38.36356,-5.194913
23.79744,27.803001
51.040688,1.704685
-55.78776,-22.753572
-62.22577,-23.220402
-64.60325,-36.89233
50.904514,-3.3052902
24.711447,-11.062702
77.07611,-3.3220885
82.75192,-3.8530807
35.18598,66.56592
16.012623,-32.475296
-5.1713505,47.955658
52.851284,7.443593
-9.912286,-63.894913
40.03813,-14.260626
25.591196,-65.15417
26.193914,30.139793
-7.5268493,18.853184
24.926115,-31.162264
69.110664,-14.523383
-19.447426,-14.005905
70.76335,-29.233301
30.817383,-5.956171
-17.442574,-61.96756
1.303798,52.52292
19.062965,38.217445
-50.30102,16.661158
23.999199,35.679905
33.808605,31.001469
-35.448795,63.844715
83.54675,-1.8377117
-39.875793,43.23051
-14.605727,-58.102448
29.764051,-24.382584
-48.07785,-33.120045
-12.80589,-2.8823142
28.494446,25.220736
17.940435,-34.913372
-53.53926,45.91645
-9.15497,-0.22789165
-46.730106,-30.69465
-52.141304,-26.773876
23.632526,-63.100945
34.99229,-60.2949
-47.947556,24.331766
-42.69716,53.01274
-63.903904,-18.473207
31.91142,61.493572
85.02661,-3.748538
7.3629136,16.245808
1.1167762,52.49675
60.52115,12.125675
21.901974,-73.259865
31.968378,52.923832
41.28439,-9.62191
23.911537,33.823895
-40.645134,-24.599947
42.39564,-8.853091
-74.25581,-3.9793236
8.48911,14.036677
33.78309,58.194725
-50.811653,51.472855
-78.88291,-1.7295295
80.1801,-22.154024
19.175362,38.412674
34.605114,-24.089956
-1.8823792,-45.98587
-42.747276,-27.527296
-42.041454,9.036178
12.126121,-9.991214
-10.08289,-3.119854
78.85477,-20.305248
-28.616951,68.22771
27.518633,38.429886
26.725626,-12.549558
-52.77445,51.169704
-12.2443075,-65.0703
30.330296,-16.721401
42.19848,-9.520353
39.37704,62.974525
-37.494755,36.369225
-44.04923,10.321619
40.950413,-8.025718
28.765236,47.99697
-14.44694,-65.72369
33.190376,41.534065
15.876813,-12.0216255
25.200764,-69.49241
-41.677994,37.16128
37.954082,-56.82451
18.084888,-13.476208
5.0144763,18.597824
55.66112,12.007836
-13.326784,-56.35051
36.82478,32.01516
-29.725695,-22.355804
-48.891293,-24.130781
-11.470879,2.7810416
-13.099397,37.311108
59.53673,8.82843
26.476604,-30.585613
31.53427,-8.26794
27.00232,-64.81666
36.067024,67.14932
-52.239048,24.60361
-0.37580267,41.262184
-81.071785,-0.8515453
-32.097565,23.968788
38.026237,66.109985
-13.516416,-62.917767
-12.713758,-55.443523
20.78336,-33.654613
-43.655342,-19.774488
42.643517,-60.06067
-45.898003,33.403557
-47.046974,9.925289
20.727745,-5.3291683
-16.364265,-3.115345
-50.46701,-34.974583
74.45414,-24.055687
-23.701202,-63.20719
-10.231381,1.0590602
36.029457,-62.73163
-75.261314,-1.0874505
-50.107,45.506866
40.689972,62.331173
-34.44955,57.88591
47.31503,-8.18384
32.960014,48.12909
9.727033,17.145311
-50.181435,22.773018
-45.650616,35.410564
22.709133,-11.801682
-10.303898,-63.52171
-25.614506,66.27741
42.040184,45.034103
-32.42839,17.551502
21.508394,30.19838
32.899605,-24.815363
5.5482974,16.610271
-57.490826,-34.981342
1.3162179,49.788147
32.16853,4.0539746
-72.697365,0.015599071
-78.1168,-6.4275727
-43.147594,-27.73045
36.42847,50.259197
-36.927967,30.5622
-51.229805,36.504517
78.02663,-25.269478
-5.152959,8.164733
36.5673,-56.76894
78.44547,-10.091336
-15.974819,-2.3086815
-46.55675,41.956997
-49.99547,11.492227
-37.77425,-23.861673
24.895342,50.56761
32.80504,-6.533532
-44.088375,22.370115
-32.23589,-27.812807
25.990093,42.47143
-48.193542,-30.026056
-16.197922,-66.06039
-14.485458,-69.24777
-63.83357,-29.777124
20.305168,-19.01301
41.01205,-6.523376
-64.59966,-36.02704
38.158733,-54.902172
18.84264,-25.411428
60.221317,9.255813
-53.603333,-30.032583
-64.675575,-34.892998
27.063692,-26.566336
-6.1124387,9.438761
19.947626,-35.636646
-30.792707,63.125885
50.467888,-12.321069
27.265362,47.866253
42.788136,-57.182175
-37.826294,-23.53684
-39.27928,46.464264
78.229065,-9.274233
38.751682,-27.769653
-48.171124,-28.353432
25.486319,33.064743
37.003967,66.48603
16.19958,19.253895
36.10959,-64.258835
28.77951,49.616726
26.50063,36.574345
-31.80287,-20.28635
32.617428,47.014946
36.413757,58.31103
49.3576,-3.1667995
18.500725,24.361319
-16.011866,-0.65227586
-38.3058,48.17047
-8.109426,15.450852
-43.72962,52.14692
28.317055,-8.786172
38.542114,-22.563099
-18.966967,-12.442067
41.913216,-58.970688
19.868174,-35.510063
5.416503,-9.521212
54.17845,12.852061
-19.713783,-66.4242
-42.225414,39.489063
86.75299,-3.1599927
-42.393017,11.661345
-73.51587,0.21904343
17.84382,-16.428085
33.97707,48.059177
34.21055,-59.70619
26.67916,-68.54966
-62.403217,-30.906237
-13.656394,-58.57135
-60.690365,-39.282337
40.69347,46.902206
84.72212,-2.8267398
24.679478,-33.238827
-16.933792,-67.514015
26.541859,32.807217
76.05828,-23.821272
-21.844168,-14.950231
-38.688004,-25.432537
-34.802208,65.21845
-47.86442,20.005693
-49.71281,12.168956
-4.331818,-58.73756
-59.357063,-40.1869
35.09645,52.42111
54.502068,13.408634
-49.31072,-31.289448
32.144024,53.686584
-6.379829,39.55096
25.966576,40.737995
-25.16692,-19.641352
-44.3558,-26.420486
-78.58451,-6.660361
-21.126667,-63.9027
33.665035,-56.88077
38.516144,-13.508313
-16.354294,-0.4416676
-47.404427,47.036373
2.1504538,43.64669
-60.44891,-36.1812
58.810814,12.799739
56.263687,14.381964
37.073742,67.71033
21.709467,-72.45315
-59.23983,-39.45
18.759594,24.165646
-0.14507978,-48.138287
14.82791,27.291643
-17.83147,-65.73017
-32.593956,20.494638
32.61237,-23.375471
-72.11154,-5.5969663
27.02312,-58.400402
12.593863,23.360287
73.3641,-22.002115
-13.274125,-67.25925
71.92453,-21.009264
-53.744263,-28.520277
-58.9759,-23.404482
-10.982756,-2.3697062
-23.271015,-17.915092
77.08288,-20.284374
29.14129,54.49634
-32.300385,-24.485746
-57.783314,-22.436234
18.422514,-33.677402
-4.6686215,42.509754
74.33286,-25.979206
39.070114,33.76146
29.915041,-26.549889
24.445986,26.854364
-17.596804,-66.10356
77.52602,-20.456491
19.025063,-20.151161
-31.32552,-21.200197
76.53231,-26.15057
33.236134,-7.155436
-22.812143,-7.8823414
34.756405,-25.05104
-51.233887,21.402225
33.432953,34.566147
-30.345057,-20.118938
-24.494946,65.693825
-48.60661,26.408062
-7.132078,9.626105
-28.485598,68.28225
35.663387,-27.81842
-4.224526,44.927788
-47.133804,43.602184
-9.70415,-55.950024
-47.352604,28.115196
25.946735,-11.76446
21.743334,-26.214247
-7.2420487,50.33113
-50.91243,28.36434
28.9805,-66.45599
-51.2684,-26.50126
81.85024,-1.0333683
-50.75723,53.900726
-64.69981,-33.283405
-30.21681,25.350847
71.355194,-12.060827
-30.432459,62.175995
-52.383144,33.843765
-12.995087,2.7060506
13.512566,-19.578245
73.55955,-24.952822
-7.1116815,-52.930317
-5.649738,45.993206
-28.390682,67.139015
50.163967,1.7028829
-47.0297,31.603579
-8.075809,11.976005
-36.325817,-25.921305
19.510145,-7.7607
-52.048267,-20.681986
-51.216633,52.217133
76.37356,-24.891312
3.4061646,40.475708
-26.726181,66.10775
27.115723,-61.058872
-20.26097,-9.799904
74.9194,-22.967592
-41.065346,-28.705774
6.9377213,48.397167
-80.29523,0.19313678
16.577847,-15.147338
38.529987,51.51129
-8.585402,-57.115395
-6.5568423,46.344395
3.3934155,-2.7386189
-41.52328,13.282733
-47.832527,28.93597
10.536557,-20.90291
38.591957,-56.815414
26.948566,-16.295862
-47.790043,21.88656
-16.35465,-16.659712
71.29287,-28.264885
-62.281586,-22.358778
-63.396736,-32.87785
32.55192,4.382047
-20.812931,-8.863476
-41.545567,51.1022
-74.04963,0.22171256
37.034416,-25.0399
16.335133,26.767546
0.9707131,48.743477
63.839954,-1.419758
52.90191,14.220071
-73.76749,-5.040449
75.60178,-10.530387
-10.243604,-2.1758568
32.011322,56.75914
-53.32557,-28.2965
22.321192,-72.674416
-41.583954,-29.311394
0.7058058,13.233035
25.380865,-31.869564
29.434458,-8.112907
-63.059376,-21.12398
27.200987,44.00427
35.86324,-65.525604
15.161396,-11.307416
20.424664,-30.815567
37.171185,-62.736973
15.530633,-9.989619
41.01649,-19.442024
-40.8205,50.72058
79.51464,-8.042391
-40.76635,-21.687725
51.646683,-1.4323916
-81.55969,-0.6657339
-23.436222,-20.313812
2.0737913,49.097023
-6.632141,8.043576
-48.259254,33.01824
38.72751,43.369843
14.269632,20.167023
-28.638756,-23.90999
23.77464,35.953995
-49.044373,12.698279
27.303755,-67.806244
40.750813,-10.280157
2.8728323,-1.5428541
-28.02121,-15.297852
-29.626125,69.422554
25.899607,-15.7636175
18.657135,-31.263128
85.43379,-2.6632385
27.220259,-17.956953
-51.30749,20.663769
-0.88585824,-46.709545
19.094845,-12.238858
-44.226673,52.338215
51.90143,1.2409753
-38.795822,-20.734219
3.1897876,41.6098
-8.292705,12.733851
-32.025505,63.15988
-48.15737,35.825893
31.847809,64.82904
78.48119,-18.677805
-57.66879,-28.426075
-17.78283,-66.80766
59.18823,12.217856
22.871124,-33.656963
-66.894516,-32.83877
13.948175,-14.681051
11.51552,-8.953308
44.658314,-61.619843
1.6825558,-51.05084
-51.02614,-28.77908
-67.49631,3.0348866
-4.789884,41.620888
20.984402,-10.335889
-49.067238,-24.069342
-66.080345,-33.1528
-41.34255,45.61051
-1.7949777,41.290577
-22.217255,63.685986
-58.152664,-25.206816
-52.29283,-18.771297
58.17614,12.343594
72.265076,-24.42593
-22.029919,-10.282948
80.18575,-2.5739481
-47.024525,50.192356
38.488224,-63.66522
-43.281757,-28.629715
42.757526,-60.766243
-34.500175,67.691765
-10.304042,-1.7799009
-35.169754,56.42726
-50.645153,-30.926374
-10.016088,-57.11905
39.100243,45.897564
-15.430908,-59.45588
-50.241688,48.5555
77.30671,-12.466019
49.725956,-11.276781
45.90661,-12.302184
20.011028,-20.448845
4.441209,16.580431
-41.11329,26.053537
-57.51913,-31.721008
23.539286,-33.866764
40.327682,-57.969547
-10.586537,-59.624157
76.6108,-25.418783
-52.836613,-18.667488
75.76585,-17.41293
-28.668493,-15.111968
-40.870125,12.599351
-62.745056,-35.008667
-64.36025,-21.36534
21.123209,-34.65167
-33.73996,20.814123
3.6018314,-3.441915
36.609627,-22.932934
38.47552,-21.141018
-7.222273,43.677376
-4.5260878,37.009457
-31.436567,62.423737
12.016295,-14.277309
17.291111,-10.618294
41.944973,-62.333134
-33.93172,21.467997
28.113045,34.178795
77.56465,-13.523159
15.703671,-8.830812
57.238247,13.362107
16.586027,-10.30787
75.22658,-12.797168
-3.7355437,-48.51896
-21.248112,-10.372406
-17.91811,-52.740417
31.882221,30.23104
-46.23766,28.385315
21.471806,-72.99449
-52.77348,31.091007
-48.76306,14.049811
-49.952408,27.1251
23.900057,-31.946936
28.900244,55.914436
3.1143785,14.673743
-48.69512,37.740074
24.547379,23.84655
-44.59816,29.033188
54.54714,5.2241287
36.11928,-15.430385
-36.352314,51.861835
36.26144,-10.7641
-61.30908,-23.2811
-47.944027,16.124863
40.690655,33.633255
-78.99077,-0.019019151
39.824608,-55.986877
-25.788683,-22.059082
34.182816,64.730156
-11.785848,2.0636928
-33.48063,-23.586794
74.82772,-14.923575
18.581581,-34.733665
-35.230522,57.391552
-45.01292,26.607775
60.180077,10.7316265
-75.26019,-3.6234195
-55.111824,-25.446459
-6.5083237,45.4546
75.67412,-9.093155
-41.258045,30.725027
-39.467262,11.588552
-7.6036253,47.684063
51.745342,-3.8053792
38.885788,-55.422295
-13.942786,-64.80988
31.422062,-6.734234
-44.80555,19.965418
-19.988667,-12.682066
-12.869876,-63.23724
30.188189,-7.432578
-49.539696,22.367733
-35.711998,-23.525766
-82.61949,-0.74040574
40.19038,-25.081142
-15.211057,-69.717155
-9.403443,-62.847458
-17.546083,-10.295582
-8.512799,16.37542
-17.49305,-2.6318119
